-- MySQL dump 10.13  Distrib 5.5.34, for debian-linux-gnu (x86_64)
--
-- Host: localhost    Database: mini_projet
-- ------------------------------------------------------
-- Server version	5.5.34-0ubuntu0.13.04.1

/*!40101 SET @OLD_CHARACTER_SET_CLIENT=@@CHARACTER_SET_CLIENT */;
/*!40101 SET @OLD_CHARACTER_SET_RESULTS=@@CHARACTER_SET_RESULTS */;
/*!40101 SET @OLD_COLLATION_CONNECTION=@@COLLATION_CONNECTION */;
/*!40101 SET NAMES utf8 */;
/*!40103 SET @OLD_TIME_ZONE=@@TIME_ZONE */;
/*!40103 SET TIME_ZONE='+00:00' */;
/*!40014 SET @OLD_UNIQUE_CHECKS=@@UNIQUE_CHECKS, UNIQUE_CHECKS=0 */;
/*!40014 SET @OLD_FOREIGN_KEY_CHECKS=@@FOREIGN_KEY_CHECKS, FOREIGN_KEY_CHECKS=0 */;
/*!40101 SET @OLD_SQL_MODE=@@SQL_MODE, SQL_MODE='NO_AUTO_VALUE_ON_ZERO' */;
/*!40111 SET @OLD_SQL_NOTES=@@SQL_NOTES, SQL_NOTES=0 */;

--
-- Table structure for table `Contenu`
--

DROP TABLE IF EXISTS `Contenu`;
/*!40101 SET @saved_cs_client     = @@character_set_client */;
/*!40101 SET character_set_client = utf8 */;
CREATE TABLE `Contenu` (
  `numMan` int(11) NOT NULL,
  `numEpreuve` int(11) NOT NULL,
  PRIMARY KEY (`numMan`,`numEpreuve`),
  KEY `fkEpreuve0` (`numEpreuve`),
  CONSTRAINT `fkEpreuve0` FOREIGN KEY (`numEpreuve`) REFERENCES `Epreuve` (`numEpreuve`),
  CONSTRAINT `fkManifestation0` FOREIGN KEY (`numMan`) REFERENCES `Manifestation` (`numMan`)
) ENGINE=InnoDB DEFAULT CHARSET=latin1;
/*!40101 SET character_set_client = @saved_cs_client */;

--
-- Dumping data for table `Contenu`
--

LOCK TABLES `Contenu` WRITE;
/*!40000 ALTER TABLE `Contenu` DISABLE KEYS */;
INSERT INTO `Contenu` VALUES (1,1),(2,1),(3,1),(5,1),(1,2),(5,2),(1,3),(3,3),(5,3),(2,4),(5,4),(2,5),(4,5),(5,5),(2,6),(4,6),(5,6);
/*!40000 ALTER TABLE `Contenu` ENABLE KEYS */;
UNLOCK TABLES;

--
-- Table structure for table `Epreuve`
--

DROP TABLE IF EXISTS `Epreuve`;
/*!40101 SET @saved_cs_client     = @@character_set_client */;
/*!40101 SET character_set_client = utf8 */;
CREATE TABLE `Epreuve` (
  `numEpreuve` int(11) NOT NULL AUTO_INCREMENT,
  `intitule` varchar(100) DEFAULT NULL,
  PRIMARY KEY (`numEpreuve`)
) ENGINE=InnoDB AUTO_INCREMENT=8 DEFAULT CHARSET=latin1;
/*!40101 SET character_set_client = @saved_cs_client */;

--
-- Dumping data for table `Epreuve`
--

LOCK TABLES `Epreuve` WRITE;
/*!40000 ALTER TABLE `Epreuve` DISABLE KEYS */;
INSERT INTO `Epreuve` VALUES (1,'Maths'),(2,'Prog web'),(3,'Test'),(4,'Algo'),(5,'Prog Objet'),(6,'Android');
/*!40000 ALTER TABLE `Epreuve` ENABLE KEYS */;
UNLOCK TABLES;

--
-- Table structure for table `Etudiant`
--

DROP TABLE IF EXISTS `Etudiant`;
/*!40101 SET @saved_cs_client     = @@character_set_client */;
/*!40101 SET character_set_client = utf8 */;
CREATE TABLE `Etudiant` (
  `noEtudiant` int(11) NOT NULL AUTO_INCREMENT,
  `nom` varchar(51) DEFAULT NULL,
  `age` int(11) DEFAULT NULL,
  `sexe` char(1) DEFAULT NULL,
  `noIut` int(11) NOT NULL,
  PRIMARY KEY (`noEtudiant`),
  KEY `fkIut2` (`noIut`),
  CONSTRAINT `fkIut2` FOREIGN KEY (`noIut`) REFERENCES `Iut` (`noIut`)
) ENGINE=InnoDB AUTO_INCREMENT=2048 DEFAULT CHARSET=latin1;
/*!40101 SET character_set_client = @saved_cs_client */;

--
-- Dumping data for table `Etudiant`
--

LOCK TABLES `Etudiant` WRITE;
/*!40000 ALTER TABLE `Etudiant` DISABLE KEYS */;
INSERT INTO `Etudiant` VALUES (1,'Stéphanie',18,'M',1),(2,'Éric',21,'M',1),(3,'Nicole',17,'F',4),(4,'Éric',18,'F',4),(5,'Monique',19,'F',3),(6,'Christian',22,'F',5),(7,'Stéphane',17,'M',4),(8,'Geoffrey',19,'F',5),(9,'Sandrine',17,'M',4),(10,'Sébastien',16,'F',1),(11,'Sandrine',16,'F',2),(12,'David',17,'F',2),(13,'Frédéric',19,'F',4),(14,'Christophe',20,'F',5),(15,'Patrick',17,'F',4),(16,'Chantal',16,'M',4),(17,'Stéphane',22,'F',2),(18,'Sébastien',16,'M',3),(19,'Jacqueline',18,'M',4),(20,'Sandrine',21,'F',1),(21,'Anne',18,'M',1),(22,'Chantal',21,'M',5),(23,'Céline',18,'M',5),(24,'Monique',18,'M',2),(25,'Geoffrey',20,'F',4),(26,'Jacqueline',18,'F',3),(27,'Chantal',22,'M',5),(28,'Nicolas',19,'F',5),(29,'Pierre',22,'F',5),(30,'Jean',19,'M',5),(31,'Monique',21,'F',2),(32,'Nicolas',21,'M',2),(33,'Jacqueline',21,'F',1),(34,'Jacqueline',19,'F',5),(35,'André',21,'F',1),(36,'Françoise',19,'M',4),(37,'Sandrine',22,'M',2),(38,'David',19,'F',1),(39,'Martine',18,'F',3),(40,'Jacqueline',16,'F',3),(41,'Anne',16,'M',1),(42,'Julien',20,'M',4),(43,'Alain',21,'F',5),(44,'Philippe',21,'F',3),(45,'Frédéric',17,'M',2),(46,'Chantal',16,'M',5),(47,'Jeanne',22,'F',2),(48,'Christine',18,'M',2),(49,'Christophe',18,'F',1),(50,'Michel',21,'F',1),(51,'Pascal',16,'M',5),(52,'Christophe',22,'F',1),(53,'Philippe',18,'F',3),(54,'Céline',22,'M',1),(55,'Pierre',21,'M',2),(56,'Geoffrey',17,'M',3),(57,'Jeanne',17,'M',3),(58,'Philippe',16,'F',2),(59,'Sébastien',21,'F',1),(60,'Nicole',22,'F',1),(61,'Daniel',16,'M',4),(62,'Pierre',21,'M',5),(63,'Patrick',17,'M',2),(64,'Michel',17,'F',2),(65,'Sophie',17,'F',2),(66,'Sophie',21,'F',3),(67,'Sandrine',22,'F',3),(68,'Nicole',16,'M',1),(69,'Daniel',18,'M',3),(70,'Éric',19,'F',3),(71,'Frédéric',16,'M',1),(72,'Philippe',22,'F',2),(73,'Véronique',21,'F',5),(74,'Bernard',16,'F',4),(75,'David',22,'M',1),(76,'Daniel',17,'F',4),(77,'Nicole',18,'F',2),(78,'Jeanne',22,'F',2),(79,'Sophie',18,'M',2),(80,'Sébastien',21,'M',5),(81,'Bernard',19,'F',3),(82,'Céline',21,'F',5),(83,'Stéphane',19,'F',5),(84,'Pierre',22,'F',5),(85,'Philippe',20,'F',5),(86,'Céline',22,'F',3),(87,'Laurent',16,'M',1),(88,'Françoise',21,'F',3),(89,'Christian',19,'M',3),(90,'Bernard',17,'F',4),(91,'Alain',20,'M',5),(92,'Philippe',20,'F',3),(93,'Daniel',16,'F',4),(94,'Martine',19,'M',2),(95,'Françoise',19,'F',1),(96,'Christine',20,'M',2),(97,'Stéphane',22,'F',4),(98,'Pascal',21,'F',5),(99,'Geoffrey',19,'M',2),(100,'Michel',17,'F',3),(101,'Michel',17,'F',3),(102,'Jacqueline',17,'M',3),(103,'Anne',22,'F',4),(104,'Jacqueline',21,'F',2),(105,'Stéphane',16,'F',1),(106,'Jean',21,'F',1),(107,'Geoffrey',20,'M',3),(108,'Alain',16,'F',3),(109,'Pierre',20,'F',4),(110,'Sophie',19,'F',2),(111,'Daniel',21,'F',4),(112,'Philippe',18,'F',2),(113,'Jean',22,'M',5),(114,'Philippe',21,'F',3),(115,'Monique',16,'M',3),(116,'Christine',17,'F',3),(117,'Jeanne',21,'M',3),(118,'Jean',19,'M',1),(119,'André',22,'F',3),(120,'Jeanne',21,'F',2),(121,'Geoffrey',20,'M',5),(122,'Sophie',17,'F',4),(123,'Christophe',16,'M',3),(124,'Françoise',18,'F',1),(125,'Alain',19,'F',1),(126,'Martine',21,'M',5),(127,'Éric',17,'M',3),(128,'Stéphane',22,'M',4),(129,'Daniel',20,'M',2),(130,'Geoffrey',17,'M',3),(131,'David',20,'F',5),(132,'Jeanne',17,'F',5),(133,'Véronique',16,'F',2),(134,'Jacqueline',21,'M',1),(135,'Jacqueline',20,'M',2),(136,'Christophe',17,'M',2),(137,'Sandrine',22,'F',5),(138,'Céline',20,'M',5),(139,'Patrick',22,'M',5),(140,'Philippe',20,'F',4),(141,'Sébastien',16,'F',3),(142,'Nicole',19,'M',5),(143,'Michel',22,'M',5),(144,'Laurent',17,'F',2),(145,'Monique',20,'M',2),(146,'Laurent',19,'F',2),(147,'Christophe',17,'F',1),(148,'Julien',18,'F',1),(149,'Jean',22,'M',3),(150,'Chantal',19,'F',2),(151,'Jacqueline',17,'M',1),(152,'Stéphane',17,'M',1),(153,'Frédéric',17,'M',3),(154,'Sandrine',21,'M',3),(155,'Anne',16,'M',1),(156,'Philippe',18,'F',1),(157,'Céline',16,'F',1),(158,'Julien',17,'F',2),(159,'Sébastien',16,'F',1),(160,'Nicolas',21,'F',3),(161,'Alain',18,'F',5),(162,'Sophie',22,'F',3),(163,'Céline',20,'M',1),(164,'Julien',20,'M',5),(165,'Stéphane',21,'M',3),(166,'Nicolas',19,'F',5),(167,'Bernard',22,'M',2),(168,'David',22,'F',5),(169,'Christian',22,'F',2),(170,'Nicolas',20,'F',5),(171,'Pascal',20,'M',5),(172,'Bernard',18,'M',1),(173,'Jacqueline',19,'M',3),(174,'David',18,'F',3),(175,'Sophie',19,'F',2),(176,'Alain',21,'F',1),(177,'Jean',18,'F',2),(178,'Sophie',16,'F',3),(179,'Chantal',17,'M',4),(180,'Françoise',21,'F',3),(181,'Christophe',21,'M',5),(182,'Jean',19,'F',2),(183,'Frédéric',20,'F',2),(184,'Frédéric',18,'F',1),(185,'Michel',18,'F',3),(186,'Bernard',17,'M',4),(187,'Michel',19,'M',4),(188,'André',19,'F',4),(189,'Bernard',19,'M',1),(190,'Sandrine',22,'F',2),(191,'Jean',22,'F',5),(192,'Jean',19,'F',5),(193,'Sandrine',19,'F',3),(194,'Chantal',21,'M',5),(195,'Jeanne',22,'F',4),(196,'Philippe',22,'F',5),(197,'Philippe',21,'F',2),(198,'Christine',17,'F',1),(199,'Sébastien',19,'F',1),(200,'Monique',16,'M',4),(201,'Patrick',17,'F',2),(202,'Geoffrey',21,'M',2),(203,'Alain',18,'F',4),(204,'Laurent',20,'F',1),(205,'Bernard',20,'F',1),(206,'Sandrine',16,'M',4),(207,'Geoffrey',17,'M',4),(208,'Martine',19,'M',2),(209,'Michel',20,'M',1),(210,'Stéphanie',18,'M',2),(211,'Stéphanie',17,'M',1),(212,'Christian',19,'F',1),(213,'Stéphane',21,'F',3),(214,'Michel',19,'M',4),(215,'Valérie',18,'M',2),(216,'Stéphane',22,'F',5),(217,'David',16,'F',5),(218,'Sébastien',19,'F',1),(219,'Christian',17,'M',4),(220,'Valérie',22,'F',5),(221,'Pierre',17,'F',1),(222,'Geoffrey',20,'M',5),(223,'David',21,'F',5),(224,'Jeanne',16,'F',5),(225,'Anne',17,'M',2),(226,'Françoise',19,'M',1),(227,'Céline',20,'M',4),(228,'Stéphanie',19,'M',5),(229,'Éric',17,'F',5),(230,'Véronique',22,'M',5),(231,'Sébastien',18,'M',2),(232,'Nicolas',16,'F',4),(233,'André',17,'F',3),(234,'Julien',21,'M',5),(235,'Nicole',20,'F',5),(236,'Pierre',21,'M',1),(237,'Jean',20,'M',3),(238,'Jacqueline',22,'M',1),(239,'Stéphane',17,'F',1),(240,'Éric',19,'M',1),(241,'Alain',16,'F',4),(242,'Christian',20,'M',1),(243,'Pierre',19,'F',3),(244,'Pascal',17,'M',5),(245,'Sébastien',17,'F',1),(246,'Nicolas',22,'F',1),(247,'Frédéric',20,'M',1),(248,'Frédéric',19,'M',4),(249,'Sébastien',22,'F',2),(250,'Bernard',16,'F',5),(251,'Nicolas',22,'F',4),(252,'Pierre',17,'F',4),(253,'Chantal',18,'F',5),(254,'Christian',19,'F',2),(255,'Jeanne',18,'F',5),(256,'Anne',16,'M',3),(257,'Philippe',18,'M',1),(258,'Pierre',20,'M',2),(259,'Christine',18,'M',1),(260,'Pierre',16,'M',4),(261,'Sandrine',18,'F',2),(262,'Laurent',17,'M',1),(263,'Martine',22,'F',3),(264,'Patrick',22,'M',5),(265,'Nicolas',21,'F',2),(266,'Julien',18,'M',5),(267,'Jacqueline',16,'M',5),(268,'Anne',21,'M',1),(269,'Éric',21,'M',2),(270,'Monique',20,'M',5),(271,'Bernard',17,'M',2),(272,'David',22,'F',4),(273,'Pierre',17,'F',4),(274,'André',22,'F',1),(275,'Geoffrey',22,'F',4),(276,'Christine',18,'F',5),(277,'Éric',19,'F',4),(278,'Jean',19,'F',5),(279,'Laurent',21,'M',3),(280,'Stéphanie',22,'F',5),(281,'Véronique',17,'M',2),(282,'Bernard',20,'M',4),(283,'Valérie',16,'F',5),(284,'Pierre',20,'M',3),(285,'André',16,'F',3),(286,'Véronique',21,'F',3),(287,'Christophe',19,'M',4),(288,'Michel',18,'F',4),(289,'Frédéric',17,'F',3),(290,'Sébastien',16,'F',3),(291,'Alain',17,'F',4),(292,'Éric',17,'F',5),(293,'Bernard',21,'M',3),(294,'Bernard',22,'F',4),(295,'Monique',22,'F',2),(296,'Pascal',21,'F',1),(297,'Jean',18,'F',1),(298,'Chantal',21,'M',3),(299,'Françoise',20,'M',1),(300,'David',22,'F',3),(301,'Pierre',19,'M',3),(302,'Philippe',22,'F',3),(303,'Frédéric',16,'F',1),(304,'Chantal',20,'M',2),(305,'Sophie',17,'M',5),(306,'Nicolas',21,'M',5),(307,'Frédéric',17,'M',2),(308,'Céline',17,'M',1),(309,'Françoise',18,'F',5),(310,'André',21,'F',4),(311,'Martine',22,'F',2),(312,'Sandrine',20,'F',3),(313,'Sébastien',20,'F',3),(314,'Sophie',21,'M',1),(315,'Pierre',22,'F',3),(316,'Nicole',20,'M',3),(317,'Nicolas',20,'M',2),(318,'Sandrine',16,'F',3),(319,'Sophie',17,'F',3),(320,'Julien',19,'F',1),(321,'Patrick',17,'F',5),(322,'Patrick',22,'F',5),(323,'Frédéric',17,'M',4),(324,'Éric',18,'M',5),(325,'Laurent',18,'M',2),(326,'David',17,'F',5),(327,'Jacqueline',16,'M',4),(328,'Laurent',21,'F',1),(329,'Sophie',18,'M',1),(330,'Daniel',18,'M',5),(331,'Stéphanie',17,'M',4),(332,'Anne',19,'M',3),(333,'Nicolas',22,'M',2),(334,'Pascal',21,'F',4),(335,'Stéphanie',19,'F',4),(336,'Alain',21,'M',3),(337,'Jean',22,'F',2),(338,'Jean',22,'F',2),(339,'Pierre',21,'F',1),(340,'Jean',21,'M',5),(341,'André',19,'M',2),(342,'Nicole',22,'M',2),(343,'Éric',21,'F',2),(344,'Martine',16,'M',4),(345,'Philippe',17,'M',3),(346,'Françoise',17,'M',3),(347,'Laurent',22,'F',3),(348,'Nicolas',16,'M',4),(349,'Nicole',22,'F',3),(350,'Jean',19,'M',4),(351,'Laurent',20,'M',1),(352,'Pascal',21,'F',4),(353,'Chantal',21,'M',1),(354,'Chantal',18,'M',4),(355,'Monique',18,'M',2),(356,'André',21,'M',4),(357,'Sandrine',20,'F',3),(358,'André',18,'F',4),(359,'Éric',22,'F',5),(360,'Philippe',18,'M',3),(361,'Christian',21,'F',1),(362,'Valérie',20,'M',1),(363,'Philippe',16,'F',2),(364,'Sébastien',18,'F',1),(365,'Sophie',18,'F',3),(366,'Jeanne',21,'M',2),(367,'Jeanne',22,'F',5),(368,'Jean',20,'F',1),(369,'Chantal',20,'F',5),(370,'Martine',22,'M',2),(371,'Éric',19,'F',3),(372,'Martine',22,'F',4),(373,'Bernard',19,'M',4),(374,'Monique',19,'F',2),(375,'Céline',16,'F',1),(376,'Stéphane',19,'M',5),(377,'Sandrine',16,'M',3),(378,'Frédéric',22,'F',3),(379,'Nicolas',21,'F',2),(380,'Christophe',18,'F',4),(381,'Christian',16,'F',2),(382,'Éric',22,'F',5),(383,'Éric',17,'M',1),(384,'Pierre',18,'F',5),(385,'Julien',22,'F',3),(386,'Sébastien',16,'M',5),(387,'Frédéric',19,'M',1),(388,'André',22,'F',2),(389,'Véronique',22,'M',5),(390,'Geoffrey',19,'F',2),(391,'Éric',17,'M',3),(392,'Frédéric',22,'F',1),(393,'Françoise',16,'M',5),(394,'Jean',19,'F',1),(395,'Alain',19,'M',5),(396,'Christophe',22,'F',3),(397,'Frédéric',20,'M',2),(398,'Christian',18,'M',4),(399,'Christian',18,'F',4),(400,'Monique',20,'M',4),(401,'Chantal',18,'M',5),(402,'Christine',20,'M',1),(403,'Véronique',17,'F',2),(404,'Chantal',18,'F',2),(405,'Chantal',20,'F',1),(406,'Alain',18,'M',4),(407,'Frédéric',19,'F',2),(408,'Philippe',17,'M',2),(409,'André',17,'F',3),(410,'Bernard',19,'F',5),(411,'Sandrine',20,'F',2),(412,'Jean',21,'M',2),(413,'Laurent',17,'F',3),(414,'Christine',17,'F',3),(415,'Nicolas',22,'F',2),(416,'Julien',17,'M',4),(417,'Jacqueline',22,'F',4),(418,'Christine',18,'M',3),(419,'Françoise',18,'F',4),(420,'David',21,'F',3),(421,'Christine',18,'M',1),(422,'Chantal',18,'M',3),(423,'Chantal',17,'F',4),(424,'Valérie',19,'M',5),(425,'Éric',16,'F',1),(426,'David',22,'F',4),(427,'Sébastien',20,'F',2),(428,'Michel',18,'F',2),(429,'Valérie',21,'F',3),(430,'Christine',19,'F',5),(431,'Anne',16,'F',1),(432,'Michel',19,'M',1),(433,'Nicole',19,'M',1),(434,'Monique',21,'F',3),(435,'Éric',21,'M',3),(436,'Chantal',18,'F',3),(437,'Stéphanie',19,'F',1),(438,'Julien',19,'F',2),(439,'Jeanne',16,'F',2),(440,'Sophie',19,'F',3),(441,'Sébastien',20,'F',4),(442,'Alain',20,'M',5),(443,'Alain',20,'F',3),(444,'Frédéric',17,'M',4),(445,'Monique',18,'M',2),(446,'Stéphanie',18,'F',1),(447,'Nicole',22,'F',4),(448,'Éric',16,'M',2),(449,'Bernard',22,'F',5),(450,'Patrick',22,'F',2),(451,'Sandrine',22,'F',2),(452,'Stéphane',20,'F',1),(453,'Véronique',22,'F',3),(454,'Sébastien',20,'F',4),(455,'Jacqueline',19,'M',2),(456,'Nicole',22,'F',1),(457,'Anne',19,'M',2),(458,'Pascal',22,'F',1),(459,'Nicole',20,'F',5),(460,'Patrick',20,'F',2),(461,'Sophie',17,'F',3),(462,'Philippe',16,'M',3),(463,'Christophe',21,'M',2),(464,'Bernard',16,'F',2),(465,'Daniel',17,'M',5),(466,'Martine',21,'M',2),(467,'Anne',19,'M',1),(468,'Frédéric',19,'M',1),(469,'Alain',17,'F',1),(470,'Nicolas',22,'F',5),(471,'Alain',18,'F',3),(472,'Daniel',19,'F',1),(473,'Stéphanie',18,'M',5),(474,'Éric',16,'F',3),(475,'Christophe',18,'M',2),(476,'Bernard',18,'M',4),(477,'André',16,'M',2),(478,'David',20,'F',1),(479,'Sandrine',20,'M',2),(480,'Stéphane',20,'M',4),(481,'Anne',19,'M',1),(482,'Patrick',19,'M',3),(483,'Monique',17,'M',5),(484,'Stéphanie',16,'F',4),(485,'Christian',16,'F',4),(486,'Julien',21,'M',5),(487,'Valérie',21,'F',2),(488,'Christian',21,'F',5),(489,'Anne',21,'F',4),(490,'Éric',18,'F',3),(491,'Sébastien',22,'M',1),(492,'Anne',19,'M',1),(493,'Jacqueline',18,'M',1),(494,'Stéphanie',16,'M',2),(495,'Daniel',17,'M',5),(496,'Geoffrey',16,'F',4),(497,'Françoise',16,'F',2),(498,'Martine',16,'M',3),(499,'Jeanne',22,'M',2),(500,'Anne',22,'F',4),(501,'Michel',18,'F',4),(502,'Jean',21,'F',2),(503,'Pascal',19,'F',5),(504,'Anne',21,'F',2),(505,'Nicole',17,'F',4),(506,'Nicole',18,'M',5),(507,'Christian',17,'M',4),(508,'Sophie',16,'F',4),(509,'Céline',18,'F',2),(510,'Jean',20,'M',3),(511,'Stéphane',21,'F',5),(512,'Jeanne',18,'M',2),(513,'Jacqueline',22,'M',3),(514,'Martine',17,'M',1),(515,'Laurent',16,'M',5),(516,'Nicolas',21,'M',3),(517,'David',17,'M',3),(518,'Julien',18,'F',3),(519,'Pierre',16,'F',5),(520,'Stéphane',17,'F',2),(521,'Alain',21,'F',5),(522,'Céline',18,'M',2),(523,'Chantal',20,'F',2),(524,'Christophe',18,'F',4),(525,'Véronique',19,'F',3),(526,'Françoise',21,'M',2),(527,'Monique',22,'F',3),(528,'Françoise',21,'F',2),(529,'Monique',21,'M',2),(530,'Sandrine',16,'F',1),(531,'Pierre',20,'F',1),(532,'Christophe',19,'F',5),(533,'Daniel',16,'F',5),(534,'Éric',20,'F',4),(535,'Sophie',19,'M',4),(536,'Stéphane',21,'F',5),(537,'Sandrine',17,'M',5),(538,'Sophie',19,'M',1),(539,'Daniel',17,'F',1),(540,'David',17,'M',1),(541,'Jeanne',16,'M',5),(542,'Véronique',18,'F',1),(543,'Nicole',20,'M',2),(544,'Nicolas',20,'F',5),(545,'Christine',20,'M',5),(546,'Sophie',19,'M',1),(547,'Éric',21,'M',4),(548,'Christophe',18,'F',4),(549,'Martine',21,'M',5),(550,'Michel',16,'F',5),(551,'Anne',21,'M',3),(552,'Frédéric',17,'M',4),(553,'Michel',22,'M',2),(554,'Chantal',22,'F',4),(555,'Véronique',22,'F',1),(556,'Valérie',17,'M',4),(557,'Julien',22,'M',3),(558,'Nicole',18,'M',1),(559,'Frédéric',20,'F',4),(560,'Alain',17,'M',5),(561,'Pierre',16,'M',4),(562,'Bernard',16,'M',1),(563,'Geoffrey',20,'M',1),(564,'Stéphanie',21,'M',3),(565,'Sébastien',22,'M',4),(566,'Chantal',22,'M',4),(567,'Frédéric',18,'M',5),(568,'Julien',20,'M',2),(569,'Pascal',18,'M',5),(570,'Anne',21,'M',3),(571,'Céline',19,'M',4),(572,'Anne',18,'M',5),(573,'Christine',22,'F',1),(574,'Sophie',22,'M',1),(575,'David',20,'F',5),(576,'Christian',22,'F',5),(577,'Jacqueline',20,'F',2),(578,'Christophe',17,'M',5),(579,'David',21,'F',4),(580,'Nicolas',22,'F',4),(581,'Stéphane',22,'F',3),(582,'Véronique',22,'F',4),(583,'Véronique',17,'F',3),(584,'Céline',18,'M',5),(585,'Céline',16,'M',3),(586,'Stéphanie',22,'M',2),(587,'Sébastien',16,'F',1),(588,'Monique',21,'M',3),(589,'Valérie',16,'M',1),(590,'André',16,'F',2),(591,'Martine',16,'M',3),(592,'Geoffrey',21,'M',2),(593,'André',17,'M',2),(594,'Nicole',16,'M',5),(595,'Sophie',21,'M',5),(596,'Stéphane',20,'M',3),(597,'Céline',17,'F',3),(598,'Éric',19,'F',3),(599,'Christine',22,'M',1),(600,'Philippe',21,'M',4),(601,'Philippe',17,'M',1),(602,'Chantal',21,'F',4),(603,'Nicole',19,'F',4),(604,'Laurent',17,'M',4),(605,'Christian',22,'M',2),(606,'Patrick',22,'M',5),(607,'Christian',17,'F',5),(608,'Patrick',17,'F',3),(609,'Jeanne',18,'M',1),(610,'Geoffrey',18,'F',1),(611,'Frédéric',17,'F',4),(612,'Jacqueline',17,'F',1),(613,'Frédéric',16,'M',3),(614,'Jean',22,'M',2),(615,'Laurent',21,'F',4),(616,'Jeanne',16,'M',4),(617,'Céline',17,'M',2),(618,'Christophe',20,'F',4),(619,'Chantal',17,'M',5),(620,'Christophe',22,'M',2),(621,'Jean',16,'M',5),(622,'Geoffrey',18,'M',5),(623,'Laurent',19,'M',2),(624,'Stéphane',20,'F',2),(625,'Christian',16,'M',2),(626,'Geoffrey',17,'F',3),(627,'Sandrine',17,'F',4),(628,'André',16,'F',5),(629,'Jean',16,'F',5),(630,'Alain',18,'M',2),(631,'Chantal',18,'F',4),(632,'Sandrine',21,'F',4),(633,'Jacqueline',22,'M',4),(634,'Jacqueline',20,'F',1),(635,'Sophie',19,'M',1),(636,'Pascal',17,'M',4),(637,'Nicolas',21,'M',3),(638,'Bernard',18,'F',5),(639,'Christian',20,'M',1),(640,'Philippe',18,'M',2),(641,'Geoffrey',18,'F',2),(642,'Françoise',16,'F',1),(643,'Daniel',20,'F',5),(644,'Céline',19,'F',4),(645,'Valérie',21,'M',4),(646,'Martine',21,'F',3),(647,'Geoffrey',17,'F',4),(648,'Valérie',19,'F',4),(649,'Alain',20,'M',1),(650,'Sophie',21,'F',3),(651,'Chantal',17,'M',4),(652,'David',16,'M',2),(653,'Chantal',16,'F',1),(654,'André',18,'F',1),(655,'Philippe',21,'M',3),(656,'Michel',20,'F',2),(657,'Sébastien',21,'M',2),(658,'Christophe',18,'M',2),(659,'Sébastien',18,'M',4),(660,'Christine',18,'M',3),(661,'Sophie',21,'M',2),(662,'Françoise',17,'M',1),(663,'Pascal',22,'F',5),(664,'Sandrine',18,'M',5),(665,'Patrick',22,'M',4),(666,'Philippe',19,'F',3),(667,'Daniel',20,'F',1),(668,'Céline',20,'F',4),(669,'Geoffrey',22,'F',4),(670,'Nicole',22,'F',1),(671,'Véronique',18,'M',2),(672,'Bernard',16,'F',2),(673,'Bernard',18,'F',3),(674,'David',18,'M',4),(675,'Bernard',21,'M',1),(676,'Christine',22,'M',1),(677,'Nicolas',19,'M',1),(678,'Nicolas',20,'F',2),(679,'Philippe',19,'F',1),(680,'Geoffrey',17,'M',5),(681,'Christian',21,'F',4),(682,'Sophie',19,'F',5),(683,'David',17,'F',5),(684,'Philippe',21,'M',4),(685,'Valérie',18,'M',5),(686,'André',22,'M',5),(687,'Anne',20,'F',4),(688,'Éric',17,'F',4),(689,'Julien',16,'M',1),(690,'Michel',20,'F',4),(691,'Christine',22,'F',3),(692,'Laurent',22,'F',4),(693,'David',19,'M',2),(694,'Michel',21,'F',5),(695,'Geoffrey',21,'M',3),(696,'Alain',22,'F',2),(697,'Patrick',19,'F',4),(698,'Patrick',22,'F',1),(699,'Sophie',22,'M',2),(700,'Françoise',16,'F',4),(701,'Frédéric',21,'M',1),(702,'Stéphane',18,'F',5),(703,'Pascal',22,'F',2),(704,'Michel',17,'M',2),(705,'Michel',21,'F',1),(706,'Frédéric',18,'F',4),(707,'Christian',20,'M',1),(708,'Alain',22,'M',4),(709,'Frédéric',18,'F',5),(710,'Éric',17,'M',1),(711,'David',19,'M',2),(712,'Sébastien',17,'F',4),(713,'Sébastien',21,'M',5),(714,'Céline',22,'M',5),(715,'Patrick',18,'F',4),(716,'Sandrine',22,'F',3),(717,'Françoise',17,'M',1),(718,'Christian',18,'M',4),(719,'Christian',19,'M',2),(720,'Alain',16,'M',2),(721,'Christine',22,'M',3),(722,'Nicolas',18,'F',2),(723,'Laurent',19,'M',2),(724,'Sophie',19,'M',2),(725,'Christine',19,'F',1),(726,'Bernard',21,'M',4),(727,'David',20,'M',3),(728,'Stéphane',19,'M',4),(729,'Céline',20,'F',5),(730,'Françoise',22,'M',3),(731,'Philippe',16,'F',1),(732,'Jean',18,'M',4),(733,'André',20,'M',5),(734,'Chantal',18,'M',3),(735,'Jeanne',19,'M',4),(736,'Sophie',16,'F',1),(737,'Philippe',19,'M',5),(738,'Christine',22,'F',4),(739,'Jean',22,'M',5),(740,'Sandrine',20,'F',2),(741,'Nicolas',16,'F',3),(742,'Monique',16,'M',1),(743,'Laurent',20,'F',3),(744,'Jeanne',21,'M',4),(745,'Frédéric',19,'F',1),(746,'David',16,'M',1),(747,'Michel',17,'M',5),(748,'Monique',17,'F',5),(749,'Laurent',16,'M',1),(750,'Nicolas',22,'M',3),(751,'Nicole',22,'M',5),(752,'Céline',20,'M',4),(753,'Bernard',19,'F',3),(754,'Sandrine',20,'M',2),(755,'Patrick',21,'F',2),(756,'Julien',21,'M',5),(757,'Stéphane',16,'F',4),(758,'Philippe',18,'F',5),(759,'Valérie',17,'F',1),(760,'Stéphanie',20,'M',4),(761,'Daniel',18,'F',1),(762,'André',21,'F',3),(763,'Stéphane',17,'F',2),(764,'Julien',20,'F',1),(765,'André',20,'M',4),(766,'Julien',22,'M',5),(767,'Éric',19,'F',2),(768,'Christine',22,'F',2),(769,'Bernard',17,'F',5),(770,'Stéphanie',18,'F',2),(771,'Anne',22,'F',2),(772,'Jeanne',17,'M',4),(773,'André',17,'M',2),(774,'Françoise',22,'M',2),(775,'Françoise',16,'M',5),(776,'Valérie',20,'M',2),(777,'Véronique',17,'M',1),(778,'Philippe',22,'M',4),(779,'Stéphanie',21,'F',4),(780,'Françoise',16,'F',3),(781,'Patrick',21,'F',1),(782,'Laurent',17,'F',1),(783,'Pierre',18,'F',3),(784,'David',16,'M',2),(785,'Bernard',20,'M',4),(786,'Patrick',22,'F',1),(787,'Christophe',22,'F',2),(788,'Bernard',22,'F',3),(789,'Chantal',20,'F',5),(790,'Geoffrey',20,'M',3),(791,'Geoffrey',21,'F',5),(792,'Céline',16,'F',1),(793,'Anne',22,'M',4),(794,'Patrick',16,'F',2),(795,'Sandrine',21,'F',4),(796,'Martine',22,'F',5),(797,'Anne',21,'F',3),(798,'Michel',20,'M',3),(799,'Jacqueline',16,'F',2),(800,'Laurent',16,'M',5),(801,'Pascal',19,'F',3),(802,'Nicole',18,'M',3),(803,'Julien',21,'M',3),(804,'Frédéric',20,'F',4),(805,'André',21,'M',1),(806,'Pascal',22,'M',3),(807,'Laurent',22,'M',4),(808,'Véronique',16,'F',3),(809,'Monique',21,'F',3),(810,'Geoffrey',22,'F',4),(811,'Christophe',21,'F',1),(812,'Valérie',21,'M',5),(813,'Michel',21,'F',5),(814,'André',20,'M',3),(815,'Patrick',22,'F',4),(816,'Julien',17,'F',2),(817,'David',22,'F',1),(818,'David',22,'M',4),(819,'Pascal',16,'F',2),(820,'Pierre',18,'F',1),(821,'Sébastien',22,'M',3),(822,'Christophe',20,'F',2),(823,'Anne',17,'F',4),(824,'Julien',21,'F',3),(825,'Céline',17,'F',2),(826,'Martine',21,'M',4),(827,'Éric',20,'M',1),(828,'Chantal',19,'M',2),(829,'Jeanne',17,'F',5),(830,'Françoise',22,'F',2),(831,'Véronique',21,'F',1),(832,'Nicole',19,'F',2),(833,'Stéphane',18,'M',2),(834,'Philippe',17,'M',1),(835,'Christine',20,'F',1),(836,'Monique',22,'M',5),(837,'Geoffrey',21,'M',3),(838,'Stéphane',21,'M',5),(839,'Sophie',17,'F',1),(840,'Patrick',16,'M',4),(841,'Bernard',16,'F',3),(842,'Christian',16,'F',3),(843,'Anne',21,'F',2),(844,'Julien',21,'F',3),(845,'Jean',22,'M',5),(846,'Philippe',22,'M',2),(847,'Jeanne',16,'F',3),(848,'Stéphanie',21,'M',4),(849,'Jeanne',22,'F',3),(850,'Véronique',19,'M',4),(851,'Sophie',21,'F',4),(852,'Jeanne',21,'M',5),(853,'Anne',21,'F',3),(854,'Sophie',17,'F',3),(855,'Françoise',19,'M',5),(856,'Jeanne',16,'M',4),(857,'Patrick',22,'F',3),(858,'Nicole',21,'F',2),(859,'Monique',21,'F',5),(860,'Sandrine',19,'M',5),(861,'Pierre',16,'M',2),(862,'Anne',22,'F',3),(863,'Christine',19,'F',4),(864,'Stéphane',21,'F',1),(865,'Christian',21,'F',3),(866,'Jeanne',20,'F',3),(867,'Anne',20,'F',3),(868,'Daniel',22,'M',3),(869,'Éric',16,'F',2),(870,'Christine',22,'F',3),(871,'Daniel',20,'F',3),(872,'Stéphanie',21,'F',2),(873,'André',19,'F',5),(874,'Stéphane',19,'F',5),(875,'Nicole',22,'M',2),(876,'Anne',18,'F',4),(877,'Jeanne',17,'M',4),(878,'Christophe',20,'M',5),(879,'Laurent',22,'M',3),(880,'Éric',21,'F',2),(881,'Alain',19,'M',2),(882,'Nicolas',18,'F',2),(883,'Daniel',18,'M',3),(884,'Michel',22,'F',1),(885,'Alain',18,'F',4),(886,'Valérie',22,'M',2),(887,'Chantal',22,'M',2),(888,'Julien',16,'F',4),(889,'Daniel',20,'F',3),(890,'Sophie',18,'M',4),(891,'Laurent',22,'M',5),(892,'Frédéric',16,'F',4),(893,'Christian',16,'F',3),(894,'Jeanne',21,'F',1),(895,'Christian',19,'M',1),(896,'Nicole',20,'F',5),(897,'Michel',16,'M',1),(898,'Céline',18,'F',1),(899,'Christian',17,'F',3),(900,'Pascal',18,'M',5),(901,'Daniel',17,'M',2),(902,'Jacqueline',19,'M',2),(903,'Éric',18,'M',3),(904,'Françoise',17,'M',1),(905,'Stéphanie',18,'F',3),(906,'Valérie',20,'F',1),(907,'Christine',19,'M',4),(908,'Philippe',16,'F',1),(909,'André',17,'F',1),(910,'David',18,'M',4),(911,'Jean',22,'F',2),(912,'Pascal',20,'M',3),(913,'Chantal',16,'F',5),(914,'Chantal',16,'F',5),(915,'Martine',22,'M',5),(916,'Chantal',19,'M',2),(917,'Patrick',19,'M',1),(918,'Martine',20,'M',2),(919,'Jean',18,'F',5),(920,'Sébastien',18,'F',3),(921,'Martine',16,'M',1),(922,'Julien',16,'F',5),(923,'Patrick',18,'F',2),(924,'Pierre',21,'F',4),(925,'David',16,'F',2),(926,'Sandrine',21,'M',1),(927,'Pierre',20,'M',5),(928,'Anne',21,'F',4),(929,'Julien',21,'M',1),(930,'Sébastien',17,'F',4),(931,'Pascal',20,'F',2),(932,'David',16,'M',3),(933,'Françoise',19,'F',5),(934,'Daniel',19,'M',3),(935,'Éric',21,'F',3),(936,'Alain',18,'M',4),(937,'Pascal',20,'F',3),(938,'Christine',22,'M',1),(939,'Martine',18,'F',2),(940,'Alain',16,'M',4),(941,'Laurent',17,'F',4),(942,'Julien',19,'F',4),(943,'Daniel',17,'M',5),(944,'Jeanne',19,'M',4),(945,'Christine',17,'F',3),(946,'Pascal',22,'F',5),(947,'Céline',18,'M',4),(948,'Anne',22,'F',5),(949,'Jean',22,'M',5),(950,'David',20,'M',5),(951,'Céline',17,'M',1),(952,'Stéphane',16,'M',1),(953,'Geoffrey',16,'F',2),(954,'Anne',19,'M',1),(955,'Jean',21,'M',4),(956,'Sandrine',21,'F',5),(957,'Pascal',21,'F',2),(958,'Christine',16,'F',4),(959,'Patrick',20,'F',1),(960,'Stéphane',19,'M',2),(961,'Pascal',18,'F',3),(962,'Alain',18,'F',2),(963,'André',18,'M',3),(964,'Anne',17,'F',1),(965,'Françoise',17,'M',3),(966,'Valérie',16,'F',3),(967,'Éric',18,'M',5),(968,'Jeanne',17,'M',4),(969,'Patrick',21,'F',3),(970,'David',22,'M',4),(971,'Julien',19,'F',3),(972,'Christian',20,'F',4),(973,'Monique',16,'M',1),(974,'Michel',19,'F',3),(975,'Philippe',21,'F',3),(976,'Daniel',20,'F',1),(977,'Alain',17,'M',4),(978,'Michel',17,'F',5),(979,'Christophe',22,'M',2),(980,'Valérie',22,'M',5),(981,'Julien',19,'F',3),(982,'Chantal',19,'F',1),(983,'Pascal',18,'F',1),(984,'Martine',19,'M',4),(985,'Céline',22,'M',4),(986,'Christian',20,'F',1),(987,'Éric',21,'M',5),(988,'Sophie',18,'M',3),(989,'Michel',22,'F',1),(990,'Daniel',17,'M',2),(991,'André',18,'M',3),(992,'Martine',21,'F',2),(993,'Françoise',19,'M',2),(994,'Bernard',18,'F',4),(995,'Philippe',20,'F',2),(996,'Monique',17,'F',5),(997,'Jacqueline',21,'M',2),(998,'Nicolas',18,'F',4),(999,'Daniel',20,'M',4),(1000,'Nicolas',16,'M',4),(1001,'Christine',22,'F',5),(1002,'Stéphane',21,'M',1),(1003,'Laurent',21,'M',5),(1004,'Pierre',20,'M',1),(1005,'Nicole',19,'F',1),(1006,'Éric',20,'F',5),(1007,'Françoise',19,'M',4),(1008,'Nicolas',17,'M',5),(1009,'André',21,'F',5),(1010,'Sandrine',16,'M',1),(1011,'Éric',18,'M',2),(1012,'Pascal',18,'F',2),(1013,'Pierre',21,'F',2),(1014,'Laurent',18,'M',3),(1015,'Françoise',19,'F',5),(1016,'Chantal',21,'F',3),(1017,'Bernard',18,'F',1),(1018,'Laurent',16,'M',1),(1019,'Christophe',21,'F',2),(1020,'Jeanne',16,'M',5),(1021,'Anne',22,'M',2),(1022,'Françoise',16,'M',5),(1023,'Céline',16,'F',2),(1024,'David',20,'F',4),(1025,'Nicole',20,'M',5),(1026,'Stéphane',22,'F',5),(1027,'Alain',20,'F',4),(1028,'Céline',19,'F',2),(1029,'Laurent',22,'M',5),(1030,'Véronique',19,'M',4),(1031,'Monique',18,'F',2),(1032,'Pierre',16,'F',3),(1033,'Daniel',17,'F',1),(1034,'Michel',18,'M',3),(1035,'Martine',17,'F',4),(1036,'Geoffrey',21,'M',5),(1037,'Michel',18,'F',5),(1038,'Patrick',16,'M',2),(1039,'Véronique',19,'F',2),(1040,'Martine',22,'M',1),(1041,'Anne',19,'F',1),(1042,'Michel',20,'F',3),(1043,'Philippe',17,'M',3),(1044,'Nicole',16,'F',1),(1045,'Jacqueline',17,'F',3),(1046,'Laurent',20,'F',3),(1047,'Chantal',18,'M',2),(1048,'Philippe',22,'F',3),(1049,'Sandrine',17,'F',1),(1050,'Nicole',21,'F',4),(1051,'Julien',22,'M',1),(1052,'Christophe',22,'F',1),(1053,'Philippe',19,'F',5),(1054,'Chantal',17,'F',1),(1055,'Bernard',17,'M',1),(1056,'Sandrine',16,'M',2),(1057,'Stéphanie',21,'M',2),(1058,'Daniel',19,'F',2),(1059,'Patrick',19,'M',4),(1060,'David',21,'M',3),(1061,'Françoise',16,'M',5),(1062,'Céline',21,'F',2),(1063,'Daniel',16,'F',3),(1064,'Sébastien',16,'M',5),(1065,'Geoffrey',19,'F',1),(1066,'Christophe',18,'F',2),(1067,'Christine',19,'F',3),(1068,'Pierre',17,'M',2),(1069,'Daniel',19,'M',2),(1070,'Geoffrey',18,'M',5),(1071,'Stéphanie',17,'M',4),(1072,'Martine',19,'M',3),(1073,'Frédéric',16,'M',2),(1074,'Chantal',16,'F',5),(1075,'Sophie',21,'M',1),(1076,'Bernard',19,'M',4),(1077,'Véronique',20,'M',3),(1078,'Christine',18,'M',5),(1079,'Daniel',17,'M',5),(1080,'Anne',16,'M',5),(1081,'Michel',20,'M',2),(1082,'Anne',16,'M',4),(1083,'Anne',21,'F',1),(1084,'Christophe',17,'M',1),(1085,'Anne',17,'F',2),(1086,'Jacqueline',20,'M',3),(1087,'Chantal',18,'M',1),(1088,'Stéphanie',17,'M',1),(1089,'Stéphane',17,'M',2),(1090,'Christine',17,'M',4),(1091,'Patrick',21,'F',5),(1092,'Geoffrey',19,'F',1),(1093,'Christian',21,'F',1),(1094,'Céline',20,'M',5),(1095,'Pascal',22,'M',5),(1096,'Véronique',16,'F',2),(1097,'Christine',17,'M',5),(1098,'Véronique',19,'F',2),(1099,'Anne',19,'F',2),(1100,'Anne',21,'M',5),(1101,'Anne',16,'M',3),(1102,'Laurent',17,'F',3),(1103,'Christophe',16,'M',4),(1104,'Alain',19,'M',1),(1105,'Chantal',20,'F',4),(1106,'Sandrine',16,'F',4),(1107,'Stéphanie',16,'F',5),(1108,'Michel',20,'M',1),(1109,'Nicolas',18,'M',5),(1110,'Jeanne',21,'F',2),(1111,'Sandrine',21,'M',5),(1112,'Éric',18,'M',2),(1113,'Laurent',22,'F',5),(1114,'Martine',16,'F',3),(1115,'Céline',20,'M',4),(1116,'Monique',21,'M',1),(1117,'Pascal',21,'M',2),(1118,'Alain',18,'M',1),(1119,'Jeanne',19,'F',3),(1120,'Patrick',17,'F',4),(1121,'Alain',19,'F',4),(1122,'Françoise',22,'M',2),(1123,'Philippe',20,'M',5),(1124,'Céline',17,'M',1),(1125,'Éric',20,'F',3),(1126,'Chantal',21,'M',3),(1127,'Sophie',18,'F',4),(1128,'Julien',20,'M',5),(1129,'Monique',18,'M',4),(1130,'Daniel',20,'F',4),(1131,'Christian',18,'F',2),(1132,'Véronique',20,'F',4),(1133,'Michel',16,'F',2),(1134,'Christian',19,'M',4),(1135,'Jacqueline',17,'F',4),(1136,'Julien',20,'F',1),(1137,'Philippe',16,'M',2),(1138,'Sophie',18,'M',1),(1139,'Patrick',20,'M',3),(1140,'Anne',21,'M',5),(1141,'Alain',21,'M',1),(1142,'Valérie',17,'F',3),(1143,'Nicolas',21,'F',4),(1144,'Martine',18,'F',5),(1145,'Sébastien',20,'F',4),(1146,'Pascal',18,'F',5),(1147,'Anne',22,'F',4),(1148,'Véronique',17,'M',1),(1149,'Stéphane',21,'M',1),(1150,'Geoffrey',21,'M',1),(1151,'Valérie',19,'F',1),(1152,'Sophie',22,'M',4),(1153,'Anne',16,'M',1),(1154,'David',17,'M',4),(1155,'Patrick',17,'F',5),(1156,'Christine',16,'F',2),(1157,'Philippe',22,'F',2),(1158,'David',16,'F',1),(1159,'Céline',19,'F',2),(1160,'Pascal',16,'F',4),(1161,'Frédéric',21,'M',2),(1162,'Chantal',20,'M',5),(1163,'Nicole',17,'M',5),(1164,'Sandrine',16,'M',5),(1165,'Alain',18,'F',2),(1166,'Christian',16,'F',2),(1167,'Pascal',22,'M',1),(1168,'Pierre',22,'M',1),(1169,'Chantal',20,'F',1),(1170,'Nicole',20,'F',2),(1171,'Chantal',18,'M',1),(1172,'Monique',16,'F',5),(1173,'Stéphane',20,'M',3),(1174,'Pierre',17,'F',3),(1175,'Nicolas',18,'M',4),(1176,'Christine',19,'F',2),(1177,'Éric',19,'M',2),(1178,'Monique',16,'M',3),(1179,'André',18,'F',3),(1180,'Julien',21,'M',3),(1181,'Pascal',16,'M',4),(1182,'Frédéric',22,'F',1),(1183,'Céline',17,'M',1),(1184,'Sandrine',19,'F',4),(1185,'Jacqueline',20,'M',2),(1186,'Christian',18,'F',5),(1187,'Stéphanie',21,'F',3),(1188,'Nicolas',19,'M',2),(1189,'Alain',18,'F',2),(1190,'Frédéric',22,'F',4),(1191,'Stéphanie',20,'M',3),(1192,'Jacqueline',17,'M',2),(1193,'Chantal',22,'F',5),(1194,'Laurent',20,'F',5),(1195,'Nicole',22,'M',5),(1196,'Christine',16,'M',5),(1197,'Éric',17,'M',3),(1198,'Laurent',22,'M',1),(1199,'Nicole',19,'F',5),(1200,'Philippe',22,'M',4),(1201,'Françoise',18,'F',5),(1202,'Éric',21,'F',1),(1203,'Pierre',16,'M',4),(1204,'Geoffrey',22,'M',2),(1205,'Christine',20,'F',4),(1206,'Jacqueline',16,'M',4),(1207,'Véronique',19,'M',2),(1208,'Michel',22,'M',2),(1209,'Michel',18,'F',2),(1210,'Sébastien',19,'F',1),(1211,'Jacqueline',20,'F',4),(1212,'Alain',21,'M',3),(1213,'Julien',20,'F',3),(1214,'Sandrine',19,'M',2),(1215,'Philippe',22,'M',4),(1216,'Stéphanie',22,'F',2),(1217,'Éric',21,'F',5),(1218,'Philippe',20,'M',2),(1219,'Sophie',18,'F',5),(1220,'Christophe',20,'F',5),(1221,'Stéphane',18,'F',3),(1222,'Anne',17,'M',2),(1223,'Geoffrey',22,'F',3),(1224,'Jacqueline',20,'F',5),(1225,'Pierre',19,'F',4),(1226,'Patrick',20,'M',4),(1227,'Sophie',17,'F',1),(1228,'Michel',20,'M',5),(1229,'Sophie',20,'F',1),(1230,'Valérie',22,'M',3),(1231,'Daniel',17,'F',3),(1232,'Nicolas',18,'M',2),(1233,'Chantal',16,'F',1),(1234,'Daniel',21,'F',5),(1235,'Anne',20,'F',5),(1236,'Céline',16,'M',3),(1237,'Laurent',22,'F',1),(1238,'Sébastien',18,'M',5),(1239,'Christine',20,'M',3),(1240,'Sébastien',19,'M',3),(1241,'Alain',21,'F',3),(1242,'Stéphane',20,'M',1),(1243,'Christian',18,'M',1),(1244,'Françoise',20,'M',5),(1245,'Monique',22,'M',4),(1246,'Daniel',18,'F',5),(1247,'Monique',17,'M',5),(1248,'Nicole',19,'F',3),(1249,'David',20,'F',4),(1250,'Monique',18,'F',3),(1251,'Christian',18,'M',2),(1252,'Céline',16,'M',1),(1253,'Laurent',19,'M',4),(1254,'Christian',17,'M',1),(1255,'Véronique',17,'F',4),(1256,'Sébastien',21,'M',1),(1257,'Éric',20,'F',2),(1258,'Stéphanie',22,'F',1),(1259,'Bernard',19,'F',5),(1260,'Sébastien',16,'F',5),(1261,'Julien',16,'F',1),(1262,'Éric',19,'M',1),(1263,'André',22,'M',4),(1264,'Jacqueline',20,'M',2),(1265,'Véronique',17,'M',2),(1266,'Nicolas',20,'F',3),(1267,'Frédéric',22,'M',1),(1268,'Michel',19,'F',2),(1269,'Bernard',18,'F',5),(1270,'Chantal',22,'M',4),(1271,'Stéphane',20,'M',4),(1272,'Chantal',18,'F',4),(1273,'Christian',18,'M',4),(1274,'Monique',18,'F',3),(1275,'Patrick',20,'M',4),(1276,'Françoise',19,'F',4),(1277,'Stéphanie',21,'M',2),(1278,'Geoffrey',18,'M',2),(1279,'Jeanne',16,'M',1),(1280,'Sébastien',22,'F',2),(1281,'Jeanne',17,'F',1),(1282,'André',20,'F',2),(1283,'Stéphane',16,'M',3),(1284,'Patrick',22,'F',5),(1285,'Chantal',19,'M',1),(1286,'Nicole',20,'M',3),(1287,'Daniel',16,'M',1),(1288,'Éric',20,'F',4),(1289,'Christine',18,'F',1),(1290,'Jean',20,'F',5),(1291,'Bernard',18,'M',2),(1292,'Michel',19,'F',3),(1293,'Christine',20,'M',5),(1294,'Philippe',17,'F',1),(1295,'Stéphanie',16,'F',2),(1296,'Daniel',17,'F',2),(1297,'Christophe',16,'M',5),(1298,'Stéphanie',21,'F',5),(1299,'Jeanne',16,'F',4),(1300,'Éric',21,'F',4);
/*!40000 ALTER TABLE `Etudiant` ENABLE KEYS */;
UNLOCK TABLES;

--
-- Table structure for table `Iut`
--

DROP TABLE IF EXISTS `Iut`;
/*!40101 SET @saved_cs_client     = @@character_set_client */;
/*!40101 SET character_set_client = utf8 */;
CREATE TABLE `Iut` (
  `noIut` int(11) NOT NULL AUTO_INCREMENT,
  `nomIut` varchar(51) DEFAULT NULL,
  `adresse` varchar(51) DEFAULT NULL,
  `nbEtudiants` int(11) DEFAULT NULL,
  PRIMARY KEY (`noIut`)
) ENGINE=InnoDB AUTO_INCREMENT=8 DEFAULT CHARSET=latin1;
/*!40101 SET character_set_client = @saved_cs_client */;

--
-- Dumping data for table `Iut`
--

LOCK TABLES `Iut` WRITE;
/*!40000 ALTER TABLE `Iut` DISABLE KEYS */;
INSERT INTO `Iut` VALUES (1,' IUTBM',' Rue engel gros',1500),(2,' IUTBesançon',' Rue de Belfort',3500),(3,' IUTParis',' Faubourg des ancètres',5500),(4,' IUTC',' Rue du Mont',1500),(5,' IUTPoitier',' Sur les vignes',500);
/*!40000 ALTER TABLE `Iut` ENABLE KEYS */;
UNLOCK TABLES;

--
-- Table structure for table `Manifestation`
--

DROP TABLE IF EXISTS `Manifestation`;
/*!40101 SET @saved_cs_client     = @@character_set_client */;
/*!40101 SET character_set_client = utf8 */;
CREATE TABLE `Manifestation` (
  `numMan` int(11) NOT NULL AUTO_INCREMENT,
  `nomMan` varchar(51) DEFAULT NULL,
  `dateMan` date DEFAULT NULL,
  `noIut` int(11) NOT NULL,
  PRIMARY KEY (`numMan`),
  KEY `fkIut12` (`noIut`),
  CONSTRAINT `fkIut12` FOREIGN KEY (`noIut`) REFERENCES `Iut` (`noIut`)
) ENGINE=InnoDB AUTO_INCREMENT=8 DEFAULT CHARSET=latin1;
/*!40101 SET character_set_client = @saved_cs_client */;

--
-- Dumping data for table `Manifestation`
--

LOCK TABLES `Manifestation` WRITE;
/*!40000 ALTER TABLE `Manifestation` DISABLE KEYS */;
INSERT INTO `Manifestation` VALUES (1,' Gre_hack','2013-08-08',5),(2,' nuit des Iut','2014-01-08',4),(3,' 24h des Iut','2014-02-01',3),(4,' jeux mobiles','2014-03-03',2),(5,' test','2014-04-05',1);
/*!40000 ALTER TABLE `Manifestation` ENABLE KEYS */;
UNLOCK TABLES;

--
-- Table structure for table `Participe`
--

DROP TABLE IF EXISTS `Participe`;
/*!40101 SET @saved_cs_client     = @@character_set_client */;
/*!40101 SET character_set_client = utf8 */;
CREATE TABLE `Participe` (
  `numMan` int(11) NOT NULL,
  `numEpreuve` int(11) NOT NULL,
  `noEtudiant` int(11) NOT NULL,
  `resultat` varchar(51) DEFAULT NULL,
  PRIMARY KEY (`numMan`,`numEpreuve`,`noEtudiant`),
  KEY `fkEpreuve3` (`numEpreuve`),
  KEY `fkEtudiant3` (`noEtudiant`),
  CONSTRAINT `fkEpreuve3` FOREIGN KEY (`numEpreuve`) REFERENCES `Epreuve` (`numEpreuve`),
  CONSTRAINT `fkEtudiant3` FOREIGN KEY (`noEtudiant`) REFERENCES `Etudiant` (`noEtudiant`),
  CONSTRAINT `fkManifestation` FOREIGN KEY (`numMan`) REFERENCES `Manifestation` (`numMan`)
) ENGINE=InnoDB DEFAULT CHARSET=latin1;
/*!40101 SET character_set_client = @saved_cs_client */;

--
-- Dumping data for table `Participe`
--

LOCK TABLES `Participe` WRITE;
/*!40000 ALTER TABLE `Participe` DISABLE KEYS */;
INSERT INTO `Participe` VALUES (1,1,22,'4'),(1,1,39,'18'),(1,1,46,'9'),(1,1,73,'15'),(1,1,102,'10'),(1,1,110,'0'),(1,1,129,'9'),(1,1,133,'14'),(1,1,167,'13'),(1,1,188,'8'),(1,1,190,'16'),(1,1,193,'21'),(1,1,240,'1'),(1,1,250,'13'),(1,1,256,'4'),(1,1,277,'11'),(1,1,298,'12'),(1,1,304,'20'),(1,1,325,'4'),(1,1,340,'14'),(1,1,346,'18'),(1,1,366,'12'),(1,1,372,'19'),(1,1,401,'5'),(1,1,402,'4'),(1,1,405,'4'),(1,1,419,'6'),(1,1,430,'16'),(1,1,437,'18'),(1,1,482,'19'),(1,1,521,'20'),(1,1,522,'1'),(1,1,526,'2'),(1,1,557,'13'),(1,1,567,'14'),(1,1,608,'8'),(1,1,621,'20'),(1,1,657,'12'),(1,1,660,'11'),(1,1,680,'17'),(1,1,710,'8'),(1,1,757,'2'),(1,1,784,'3'),(1,1,791,'2'),(1,1,792,'0'),(1,1,809,'3'),(1,1,817,'7'),(1,1,824,'8'),(1,1,831,'17'),(1,1,870,'10'),(1,1,887,'20'),(1,1,888,'19'),(1,1,892,'0'),(1,1,894,'4'),(1,1,896,'13'),(1,1,900,'21'),(1,1,907,'21'),(1,1,925,'17'),(1,1,959,'3'),(1,1,970,'2'),(1,1,973,'16'),(1,1,1051,'5'),(1,1,1066,'13'),(1,1,1068,'2'),(1,1,1071,'3'),(1,1,1090,'7'),(1,1,1092,'12'),(1,1,1131,'1'),(1,1,1161,'16'),(1,1,1164,'16'),(1,1,1186,'6'),(1,1,1196,'7'),(1,1,1204,'5'),(1,1,1226,'3'),(1,1,1249,'12'),(1,1,1281,'20'),(1,1,1297,'20'),(1,2,22,'6'),(1,2,61,'17'),(1,2,81,'5'),(1,2,84,'2'),(1,2,89,'10'),(1,2,95,'1'),(1,2,120,'21'),(1,2,121,'9'),(1,2,126,'11'),(1,2,139,'19'),(1,2,144,'18'),(1,2,166,'8'),(1,2,177,'1'),(1,2,183,'0'),(1,2,212,'3'),(1,2,226,'17'),(1,2,246,'6'),(1,2,265,'11'),(1,2,306,'14'),(1,2,324,'15'),(1,2,341,'13'),(1,2,355,'3'),(1,2,387,'9'),(1,2,394,'15'),(1,2,408,'3'),(1,2,418,'5'),(1,2,421,'9'),(1,2,439,'9'),(1,2,458,'20'),(1,2,514,'10'),(1,2,529,'19'),(1,2,531,'16'),(1,2,557,'1'),(1,2,578,'14'),(1,2,584,'3'),(1,2,593,'21'),(1,2,598,'0'),(1,2,602,'4'),(1,2,636,'13'),(1,2,638,'8'),(1,2,663,'20'),(1,2,665,'3'),(1,2,675,'0'),(1,2,695,'16'),(1,2,704,'14'),(1,2,728,'11'),(1,2,730,'6'),(1,2,746,'0'),(1,2,749,'12'),(1,2,762,'7'),(1,2,777,'9'),(1,2,789,'10'),(1,2,797,'6'),(1,2,811,'11'),(1,2,821,'16'),(1,2,834,'11'),(1,2,838,'15'),(1,2,876,'18'),(1,2,880,'0'),(1,2,916,'8'),(1,2,943,'16'),(1,2,950,'16'),(1,2,970,'12'),(1,2,978,'10'),(1,2,988,'20'),(1,2,996,'6'),(1,2,1001,'5'),(1,2,1004,'14'),(1,2,1021,'14'),(1,2,1030,'17'),(1,2,1054,'20'),(1,2,1099,'9'),(1,2,1101,'12'),(1,2,1112,'6'),(1,2,1115,'13'),(1,2,1136,'6'),(1,2,1155,'16'),(1,2,1161,'14'),(1,2,1167,'5'),(1,2,1172,'1'),(1,2,1191,'8'),(1,2,1201,'1'),(1,2,1219,'7'),(1,2,1233,'15'),(1,2,1240,'18'),(1,2,1242,'7'),(1,2,1245,'6'),(1,2,1259,'21'),(1,2,1274,'0'),(1,2,1277,'11'),(1,2,1285,'9'),(1,2,1287,'15'),(1,3,16,'12'),(1,3,17,'12'),(1,3,18,'1'),(1,3,31,'6'),(1,3,45,'4'),(1,3,77,'7'),(1,3,104,'6'),(1,3,116,'13'),(1,3,128,'3'),(1,3,149,'2'),(1,3,154,'5'),(1,3,155,'7'),(1,3,164,'15'),(1,3,166,'6'),(1,3,170,'19'),(1,3,189,'10'),(1,3,201,'11'),(1,3,203,'15'),(1,3,220,'20'),(1,3,229,'13'),(1,3,230,'7'),(1,3,243,'6'),(1,3,261,'12'),(1,3,287,'12'),(1,3,307,'16'),(1,3,326,'3'),(1,3,348,'6'),(1,3,359,'17'),(1,3,361,'13'),(1,3,367,'0'),(1,3,411,'9'),(1,3,417,'13'),(1,3,418,'4'),(1,3,444,'18'),(1,3,486,'12'),(1,3,510,'13'),(1,3,511,'0'),(1,3,518,'21'),(1,3,519,'0'),(1,3,522,'9'),(1,3,564,'9'),(1,3,566,'9'),(1,3,569,'3'),(1,3,576,'17'),(1,3,599,'9'),(1,3,612,'7'),(1,3,622,'14'),(1,3,624,'11'),(1,3,638,'0'),(1,3,643,'4'),(1,3,656,'13'),(1,3,696,'0'),(1,3,702,'21'),(1,3,705,'6'),(1,3,722,'16'),(1,3,735,'17'),(1,3,765,'20'),(1,3,774,'13'),(1,3,794,'0'),(1,3,799,'1'),(1,3,818,'8'),(1,3,820,'0'),(1,3,821,'21'),(1,3,849,'20'),(1,3,852,'8'),(1,3,859,'14'),(1,3,872,'0'),(1,3,906,'21'),(1,3,928,'19'),(1,3,938,'7'),(1,3,939,'1'),(1,3,993,'0'),(1,3,1004,'11'),(1,3,1010,'9'),(1,3,1017,'3'),(1,3,1040,'16'),(1,3,1041,'12'),(1,3,1045,'11'),(1,3,1059,'0'),(1,3,1093,'20'),(1,3,1105,'20'),(1,3,1108,'14'),(1,3,1119,'15'),(1,3,1124,'13'),(1,3,1149,'6'),(1,3,1173,'3'),(1,3,1180,'5'),(1,3,1197,'18'),(1,3,1220,'16'),(1,3,1243,'6'),(1,3,1248,'6'),(1,3,1261,'6'),(1,3,1290,'16'),(1,4,4,'10'),(1,4,10,'17'),(1,4,24,'12'),(1,4,44,'7'),(1,4,65,'1'),(1,4,68,'6'),(1,4,83,'7'),(1,4,96,'11'),(1,4,131,'8'),(1,4,135,'21'),(1,4,163,'21'),(1,4,177,'11'),(1,4,182,'14'),(1,4,189,'10'),(1,4,193,'11'),(1,4,215,'17'),(1,4,230,'14'),(1,4,238,'17'),(1,4,288,'4'),(1,4,292,'1'),(1,4,300,'3'),(1,4,301,'7'),(1,4,315,'0'),(1,4,332,'18'),(1,4,360,'1'),(1,4,371,'17'),(1,4,382,'16'),(1,4,392,'17'),(1,4,404,'13'),(1,4,412,'20'),(1,4,424,'8'),(1,4,448,'7'),(1,4,464,'16'),(1,4,478,'3'),(1,4,485,'15'),(1,4,526,'2'),(1,4,536,'17'),(1,4,548,'4'),(1,4,612,'7'),(1,4,631,'4'),(1,4,646,'15'),(1,4,673,'3'),(1,4,677,'12'),(1,4,682,'11'),(1,4,688,'18'),(1,4,693,'12'),(1,4,711,'7'),(1,4,742,'8'),(1,4,763,'0'),(1,4,770,'9'),(1,4,781,'13'),(1,4,786,'11'),(1,4,802,'2'),(1,4,853,'17'),(1,4,866,'5'),(1,4,873,'14'),(1,4,877,'4'),(1,4,889,'4'),(1,4,912,'3'),(1,4,921,'20'),(1,4,929,'6'),(1,4,933,'18'),(1,4,943,'3'),(1,4,963,'13'),(1,4,977,'10'),(1,4,984,'20'),(1,4,986,'0'),(1,4,1014,'9'),(1,4,1020,'20'),(1,4,1077,'18'),(1,4,1087,'7'),(1,4,1137,'15'),(1,4,1144,'0'),(1,4,1170,'21'),(1,4,1207,'10'),(1,4,1209,'15'),(1,4,1223,'10'),(1,4,1295,'17'),(1,4,1296,'9'),(1,5,8,'17'),(1,5,21,'15'),(1,5,42,'21'),(1,5,55,'7'),(1,5,92,'3'),(1,5,105,'15'),(1,5,108,'11'),(1,5,112,'7'),(1,5,130,'6'),(1,5,152,'12'),(1,5,161,'7'),(1,5,179,'10'),(1,5,215,'1'),(1,5,224,'1'),(1,5,232,'10'),(1,5,237,'8'),(1,5,257,'6'),(1,5,274,'1'),(1,5,330,'8'),(1,5,339,'8'),(1,5,343,'13'),(1,5,358,'1'),(1,5,364,'13'),(1,5,372,'1'),(1,5,413,'8'),(1,5,438,'9'),(1,5,463,'9'),(1,5,508,'12'),(1,5,512,'10'),(1,5,518,'19'),(1,5,551,'19'),(1,5,561,'2'),(1,5,567,'12'),(1,5,596,'11'),(1,5,597,'4'),(1,5,626,'10'),(1,5,670,'16'),(1,5,676,'16'),(1,5,683,'16'),(1,5,687,'18'),(1,5,696,'5'),(1,5,698,'8'),(1,5,703,'9'),(1,5,707,'3'),(1,5,747,'11'),(1,5,752,'3'),(1,5,771,'18'),(1,5,801,'4'),(1,5,803,'2'),(1,5,815,'21'),(1,5,842,'0'),(1,5,856,'3'),(1,5,871,'2'),(1,5,928,'9'),(1,5,934,'5'),(1,5,940,'5'),(1,5,946,'14'),(1,5,952,'7'),(1,5,971,'5'),(1,5,992,'10'),(1,5,1019,'14'),(1,5,1028,'4'),(1,5,1033,'4'),(1,5,1034,'8'),(1,5,1043,'10'),(1,5,1056,'21'),(1,5,1063,'16'),(1,5,1079,'8'),(1,5,1116,'11'),(1,5,1126,'13'),(1,5,1151,'10'),(1,5,1155,'19'),(1,5,1174,'18'),(1,5,1181,'1'),(1,5,1189,'6'),(1,5,1247,'1'),(1,5,1262,'0'),(1,6,23,'16'),(1,6,64,'13'),(1,6,84,'18'),(1,6,88,'0'),(1,6,89,'19'),(1,6,115,'6'),(1,6,142,'10'),(1,6,148,'12'),(1,6,165,'4'),(1,6,171,'19'),(1,6,182,'19'),(1,6,217,'8'),(1,6,221,'0'),(1,6,245,'13'),(1,6,258,'19'),(1,6,276,'14'),(1,6,277,'0'),(1,6,308,'20'),(1,6,318,'12'),(1,6,347,'11'),(1,6,352,'13'),(1,6,375,'12'),(1,6,426,'2'),(1,6,434,'1'),(1,6,442,'14'),(1,6,466,'15'),(1,6,481,'10'),(1,6,495,'14'),(1,6,502,'21'),(1,6,516,'9'),(1,6,536,'11'),(1,6,589,'5'),(1,6,594,'1'),(1,6,637,'10'),(1,6,649,'1'),(1,6,661,'5'),(1,6,664,'8'),(1,6,701,'16'),(1,6,712,'9'),(1,6,714,'12'),(1,6,723,'10'),(1,6,734,'9'),(1,6,750,'1'),(1,6,805,'6'),(1,6,833,'3'),(1,6,836,'9'),(1,6,844,'19'),(1,6,861,'12'),(1,6,875,'4'),(1,6,913,'18'),(1,6,927,'0'),(1,6,937,'6'),(1,6,941,'11'),(1,6,958,'11'),(1,6,961,'14'),(1,6,975,'5'),(1,6,979,'20'),(1,6,985,'19'),(1,6,995,'19'),(1,6,997,'12'),(1,6,1010,'12'),(1,6,1011,'16'),(1,6,1028,'17'),(1,6,1029,'2'),(1,6,1061,'15'),(1,6,1068,'20'),(1,6,1085,'12'),(1,6,1088,'16'),(1,6,1104,'20'),(1,6,1106,'2'),(1,6,1133,'17'),(1,6,1146,'13'),(1,6,1147,'5'),(1,6,1195,'20'),(1,6,1199,'15'),(1,6,1202,'3'),(1,6,1218,'18'),(1,6,1246,'7'),(1,6,1261,'7'),(1,6,1289,'19'),(1,6,1291,'6'),(2,1,20,'16'),(2,1,28,'0'),(2,1,50,'3'),(2,1,73,'5'),(2,1,76,'9'),(2,1,87,'11'),(2,1,97,'11'),(2,1,100,'19'),(2,1,104,'18'),(2,1,111,'2'),(2,1,119,'7'),(2,1,141,'9'),(2,1,146,'9'),(2,1,162,'9'),(2,1,174,'16'),(2,1,187,'13'),(2,1,197,'18'),(2,1,208,'7'),(2,1,244,'13'),(2,1,245,'16'),(2,1,249,'19'),(2,1,275,'17'),(2,1,283,'15'),(2,1,316,'21'),(2,1,318,'0'),(2,1,323,'1'),(2,1,334,'18'),(2,1,363,'5'),(2,1,373,'10'),(2,1,394,'13'),(2,1,396,'10'),(2,1,403,'0'),(2,1,443,'9'),(2,1,455,'5'),(2,1,463,'18'),(2,1,504,'8'),(2,1,507,'16'),(2,1,517,'13'),(2,1,539,'1'),(2,1,542,'15'),(2,1,547,'17'),(2,1,559,'10'),(2,1,568,'4'),(2,1,576,'5'),(2,1,586,'8'),(2,1,587,'3'),(2,1,597,'16'),(2,1,604,'18'),(2,1,615,'3'),(2,1,658,'1'),(2,1,675,'9'),(2,1,729,'18'),(2,1,739,'10'),(2,1,762,'1'),(2,1,778,'8'),(2,1,780,'9'),(2,1,787,'13'),(2,1,795,'16'),(2,1,805,'18'),(2,1,812,'7'),(2,1,818,'19'),(2,1,833,'7'),(2,1,844,'19'),(2,1,848,'19'),(2,1,851,'21'),(2,1,868,'5'),(2,1,877,'8'),(2,1,885,'14'),(2,1,895,'5'),(2,1,902,'19'),(2,1,919,'16'),(2,1,925,'5'),(2,1,933,'7'),(2,1,967,'19'),(2,1,981,'21'),(2,1,987,'8'),(2,1,994,'2'),(2,1,1014,'1'),(2,1,1018,'10'),(2,1,1036,'18'),(2,1,1040,'3'),(2,1,1078,'20'),(2,1,1100,'11'),(2,1,1138,'8'),(2,1,1139,'16'),(2,1,1166,'16'),(2,1,1184,'2'),(2,1,1200,'6'),(2,1,1215,'3'),(2,1,1217,'12'),(2,1,1221,'13'),(2,1,1234,'15'),(2,1,1257,'7'),(2,1,1260,'6'),(2,1,1276,'0'),(2,2,1,'11'),(2,2,3,'4'),(2,2,6,'0'),(2,2,8,'7'),(2,2,41,'1'),(2,2,47,'16'),(2,2,67,'16'),(2,2,83,'20'),(2,2,94,'17'),(2,2,109,'8'),(2,2,111,'10'),(2,2,139,'15'),(2,2,140,'20'),(2,2,163,'5'),(2,2,176,'0'),(2,2,180,'2'),(2,2,181,'13'),(2,2,217,'9'),(2,2,222,'15'),(2,2,225,'4'),(2,2,242,'2'),(2,2,249,'15'),(2,2,256,'10'),(2,2,266,'6'),(2,2,313,'5'),(2,2,320,'15'),(2,2,321,'6'),(2,2,345,'8'),(2,2,354,'1'),(2,2,385,'9'),(2,2,397,'9'),(2,2,398,'0'),(2,2,422,'13'),(2,2,423,'6'),(2,2,433,'16'),(2,2,444,'8'),(2,2,472,'12'),(2,2,493,'11'),(2,2,506,'4'),(2,2,514,'1'),(2,2,540,'11'),(2,2,555,'14'),(2,2,560,'2'),(2,2,596,'0'),(2,2,648,'19'),(2,2,659,'16'),(2,2,674,'6'),(2,2,689,'15'),(2,2,694,'16'),(2,2,765,'14'),(2,2,768,'5'),(2,2,798,'21'),(2,2,807,'2'),(2,2,826,'0'),(2,2,831,'9'),(2,2,855,'0'),(2,2,873,'15'),(2,2,881,'17'),(2,2,890,'21'),(2,2,893,'2'),(2,2,899,'9'),(2,2,910,'21'),(2,2,911,'8'),(2,2,915,'0'),(2,2,931,'8'),(2,2,948,'16'),(2,2,964,'4'),(2,2,965,'10'),(2,2,966,'21'),(2,2,994,'13'),(2,2,1000,'18'),(2,2,1005,'4'),(2,2,1006,'5'),(2,2,1008,'4'),(2,2,1030,'11'),(2,2,1043,'1'),(2,2,1053,'11'),(2,2,1084,'8'),(2,2,1118,'8'),(2,2,1120,'7'),(2,2,1122,'9'),(2,2,1127,'21'),(2,2,1135,'1'),(2,2,1141,'0'),(2,2,1142,'12'),(2,2,1150,'7'),(2,2,1181,'13'),(2,2,1191,'9'),(2,2,1254,'7'),(2,3,15,'21'),(2,3,26,'8'),(2,3,27,'20'),(2,3,37,'2'),(2,3,46,'6'),(2,3,48,'0'),(2,3,74,'9'),(2,3,79,'0'),(2,3,80,'21'),(2,3,91,'17'),(2,3,97,'13'),(2,3,103,'14'),(2,3,105,'9'),(2,3,151,'11'),(2,3,153,'16'),(2,3,157,'6'),(2,3,168,'2'),(2,3,169,'0'),(2,3,192,'19'),(2,3,205,'7'),(2,3,227,'9'),(2,3,238,'9'),(2,3,257,'11'),(2,3,259,'8'),(2,3,296,'2'),(2,3,347,'20'),(2,3,354,'11'),(2,3,373,'15'),(2,3,389,'18'),(2,3,390,'17'),(2,3,399,'4'),(2,3,400,'0'),(2,3,410,'1'),(2,3,414,'3'),(2,3,416,'18'),(2,3,425,'18'),(2,3,431,'14'),(2,3,467,'21'),(2,3,483,'0'),(2,3,487,'2'),(2,3,495,'14'),(2,3,515,'10'),(2,3,524,'13'),(2,3,550,'16'),(2,3,569,'5'),(2,3,581,'0'),(2,3,617,'18'),(2,3,619,'12'),(2,3,621,'13'),(2,3,630,'12'),(2,3,632,'18'),(2,3,633,'15'),(2,3,634,'9'),(2,3,701,'19'),(2,3,713,'12'),(2,3,736,'14'),(2,3,741,'7'),(2,3,759,'11'),(2,3,763,'9'),(2,3,786,'2'),(2,3,790,'20'),(2,3,808,'18'),(2,3,822,'3'),(2,3,837,'0'),(2,3,841,'4'),(2,3,845,'10'),(2,3,888,'13'),(2,3,898,'1'),(2,3,901,'10'),(2,3,904,'8'),(2,3,914,'3'),(2,3,923,'15'),(2,3,1018,'12'),(2,3,1021,'16'),(2,3,1027,'6'),(2,3,1031,'1'),(2,3,1058,'9'),(2,3,1059,'18'),(2,3,1070,'12'),(2,3,1072,'18'),(2,3,1085,'18'),(2,3,1094,'10'),(2,3,1102,'5'),(2,3,1103,'5'),(2,3,1113,'4'),(2,3,1132,'8'),(2,3,1134,'18'),(2,3,1150,'19'),(2,3,1177,'13'),(2,3,1184,'2'),(2,3,1190,'21'),(2,3,1194,'10'),(2,3,1201,'20'),(2,3,1209,'20'),(2,3,1211,'8'),(2,3,1216,'9'),(2,3,1268,'15'),(2,3,1273,'2'),(2,3,1295,'21'),(2,4,17,'20'),(2,4,78,'0'),(2,4,93,'13'),(2,4,120,'19'),(2,4,123,'13'),(2,4,125,'5'),(2,4,145,'18'),(2,4,160,'12'),(2,4,167,'4'),(2,4,198,'18'),(2,4,206,'19'),(2,4,214,'9'),(2,4,235,'18'),(2,4,248,'7'),(2,4,252,'15'),(2,4,268,'6'),(2,4,294,'8'),(2,4,303,'0'),(2,4,312,'0'),(2,4,317,'18'),(2,4,319,'20'),(2,4,346,'0'),(2,4,368,'7'),(2,4,384,'6'),(2,4,396,'5'),(2,4,401,'1'),(2,4,403,'18'),(2,4,408,'9'),(2,4,440,'17'),(2,4,447,'19'),(2,4,449,'1'),(2,4,457,'4'),(2,4,462,'4'),(2,4,474,'13'),(2,4,475,'20'),(2,4,488,'16'),(2,4,497,'9'),(2,4,500,'17'),(2,4,516,'3'),(2,4,530,'9'),(2,4,543,'18'),(2,4,582,'12'),(2,4,591,'18'),(2,4,639,'19'),(2,4,661,'3'),(2,4,681,'20'),(2,4,743,'18'),(2,4,761,'4'),(2,4,810,'10'),(2,4,815,'19'),(2,4,840,'12'),(2,4,860,'10'),(2,4,865,'18'),(2,4,874,'3'),(2,4,878,'12'),(2,4,879,'6'),(2,4,944,'19'),(2,4,953,'5'),(2,4,978,'6'),(2,4,990,'20'),(2,4,999,'5'),(2,4,1033,'8'),(2,4,1042,'5'),(2,4,1047,'3'),(2,4,1055,'8'),(2,4,1056,'11'),(2,4,1089,'16'),(2,4,1111,'6'),(2,4,1141,'12'),(2,4,1176,'1'),(2,4,1187,'8'),(2,4,1193,'12'),(2,4,1198,'14'),(2,4,1214,'12'),(2,4,1217,'14'),(2,4,1218,'0'),(2,4,1228,'3'),(2,4,1232,'4'),(2,4,1243,'17'),(2,4,1265,'5'),(2,4,1269,'9'),(2,4,1270,'1'),(2,4,1279,'13'),(2,5,12,'2'),(2,5,49,'2'),(2,5,69,'11'),(2,5,99,'10'),(2,5,119,'3'),(2,5,125,'17'),(2,5,145,'17'),(2,5,157,'12'),(2,5,179,'17'),(2,5,191,'5'),(2,5,199,'3'),(2,5,224,'17'),(2,5,226,'0'),(2,5,248,'18'),(2,5,254,'7'),(2,5,264,'6'),(2,5,283,'10'),(2,5,314,'9'),(2,5,315,'11'),(2,5,351,'21'),(2,5,360,'19'),(2,5,377,'14'),(2,5,378,'14'),(2,5,423,'4'),(2,5,439,'7'),(2,5,443,'21'),(2,5,447,'12'),(2,5,480,'1'),(2,5,485,'16'),(2,5,508,'16'),(2,5,515,'6'),(2,5,534,'12'),(2,5,537,'14'),(2,5,575,'6'),(2,5,623,'8'),(2,5,632,'18'),(2,5,646,'18'),(2,5,650,'10'),(2,5,662,'6'),(2,5,687,'16'),(2,5,694,'3'),(2,5,698,'13'),(2,5,721,'6'),(2,5,724,'13'),(2,5,732,'6'),(2,5,742,'5'),(2,5,771,'19'),(2,5,777,'3'),(2,5,782,'2'),(2,5,800,'3'),(2,5,803,'2'),(2,5,854,'18'),(2,5,860,'18'),(2,5,863,'9'),(2,5,883,'19'),(2,5,894,'1'),(2,5,917,'7'),(2,5,926,'15'),(2,5,930,'17'),(2,5,934,'9'),(2,5,961,'17'),(2,5,969,'1'),(2,5,987,'4'),(2,5,998,'10'),(2,5,1015,'8'),(2,5,1037,'5'),(2,5,1061,'18'),(2,5,1080,'11'),(2,5,1082,'3'),(2,5,1101,'10'),(2,5,1110,'5'),(2,5,1116,'21'),(2,5,1128,'6'),(2,5,1153,'6'),(2,5,1235,'17'),(2,5,1242,'12'),(2,5,1270,'9'),(2,5,1272,'18'),(2,5,1284,'15'),(2,5,1290,'18'),(2,6,7,'2'),(2,6,24,'10'),(2,6,47,'13'),(2,6,57,'14'),(2,6,59,'3'),(2,6,62,'21'),(2,6,70,'2'),(2,6,81,'12'),(2,6,82,'10'),(2,6,87,'0'),(2,6,91,'21'),(2,6,95,'3'),(2,6,99,'20'),(2,6,109,'2'),(2,6,113,'0'),(2,6,146,'15'),(2,6,158,'8'),(2,6,185,'11'),(2,6,210,'20'),(2,6,229,'16'),(2,6,247,'2'),(2,6,278,'10'),(2,6,280,'9'),(2,6,290,'4'),(2,6,309,'16'),(2,6,328,'21'),(2,6,335,'18'),(2,6,379,'10'),(2,6,388,'1'),(2,6,392,'19'),(2,6,407,'12'),(2,6,425,'20'),(2,6,431,'17'),(2,6,456,'4'),(2,6,465,'16'),(2,6,475,'14'),(2,6,498,'15'),(2,6,545,'20'),(2,6,546,'20'),(2,6,553,'9'),(2,6,585,'15'),(2,6,593,'14'),(2,6,595,'14'),(2,6,601,'14'),(2,6,614,'0'),(2,6,615,'10'),(2,6,616,'4'),(2,6,662,'6'),(2,6,679,'15'),(2,6,684,'5'),(2,6,699,'0'),(2,6,703,'14'),(2,6,712,'12'),(2,6,721,'3'),(2,6,775,'15'),(2,6,816,'10'),(2,6,837,'13'),(2,6,838,'11'),(2,6,840,'17'),(2,6,847,'11'),(2,6,856,'3'),(2,6,867,'12'),(2,6,882,'13'),(2,6,914,'5'),(2,6,921,'7'),(2,6,923,'7'),(2,6,942,'1'),(2,6,945,'5'),(2,6,957,'1'),(2,6,976,'12'),(2,6,983,'8'),(2,6,1001,'12'),(2,6,1002,'0'),(2,6,1007,'21'),(2,6,1013,'10'),(2,6,1038,'12'),(2,6,1039,'17'),(2,6,1044,'16'),(2,6,1054,'11'),(2,6,1060,'6'),(2,6,1105,'13'),(2,6,1107,'4'),(2,6,1140,'14'),(2,6,1149,'18'),(2,6,1160,'9'),(2,6,1171,'4'),(2,6,1247,'5'),(2,6,1280,'6'),(2,6,1296,'3'),(3,1,39,'21'),(3,1,74,'18'),(3,1,86,'20'),(3,1,101,'4'),(3,1,114,'1'),(3,1,122,'8'),(3,1,144,'0'),(3,1,216,'18'),(3,1,218,'1'),(3,1,246,'20'),(3,1,250,'3'),(3,1,270,'1'),(3,1,272,'16'),(3,1,316,'15'),(3,1,342,'3'),(3,1,343,'13'),(3,1,369,'17'),(3,1,375,'3'),(3,1,377,'2'),(3,1,380,'10'),(3,1,415,'21'),(3,1,417,'10'),(3,1,432,'6'),(3,1,441,'13'),(3,1,446,'5'),(3,1,483,'6'),(3,1,498,'17'),(3,1,500,'5'),(3,1,501,'6'),(3,1,535,'3'),(3,1,541,'16'),(3,1,551,'14'),(3,1,563,'14'),(3,1,572,'13'),(3,1,574,'18'),(3,1,577,'16'),(3,1,587,'12'),(3,1,625,'4'),(3,1,635,'21'),(3,1,639,'18'),(3,1,650,'4'),(3,1,652,'16'),(3,1,689,'16'),(3,1,726,'6'),(3,1,754,'11'),(3,1,783,'7'),(3,1,804,'12'),(3,1,823,'1'),(3,1,828,'17'),(3,1,843,'20'),(3,1,862,'8'),(3,1,869,'17'),(3,1,917,'8'),(3,1,918,'5'),(3,1,954,'0'),(3,1,962,'8'),(3,1,1023,'16'),(3,1,1080,'9'),(3,1,1102,'19'),(3,1,1126,'4'),(3,1,1129,'17'),(3,1,1132,'17'),(3,1,1133,'17'),(3,1,1162,'2'),(3,1,1164,'5'),(3,1,1179,'15'),(3,1,1195,'6'),(3,1,1203,'21'),(3,1,1204,'0'),(3,1,1206,'14'),(3,1,1210,'7'),(3,1,1211,'1'),(3,1,1216,'19'),(3,1,1230,'4'),(3,1,1233,'15'),(3,1,1239,'6'),(3,1,1253,'7'),(3,1,1258,'20'),(3,1,1267,'0'),(3,2,9,'6'),(3,2,11,'1'),(3,2,16,'2'),(3,2,38,'18'),(3,2,41,'2'),(3,2,66,'2'),(3,2,106,'8'),(3,2,131,'14'),(3,2,143,'21'),(3,2,151,'17'),(3,2,152,'20'),(3,2,153,'3'),(3,2,159,'12'),(3,2,175,'14'),(3,2,181,'14'),(3,2,184,'5'),(3,2,195,'18'),(3,2,207,'20'),(3,2,219,'4'),(3,2,235,'21'),(3,2,270,'13'),(3,2,272,'1'),(3,2,280,'16'),(3,2,284,'6'),(3,2,317,'10'),(3,2,324,'11'),(3,2,337,'4'),(3,2,365,'4'),(3,2,367,'13'),(3,2,374,'19'),(3,2,378,'13'),(3,2,409,'16'),(3,2,432,'13'),(3,2,445,'8'),(3,2,459,'19'),(3,2,460,'1'),(3,2,469,'12'),(3,2,472,'8'),(3,2,477,'10'),(3,2,486,'18'),(3,2,497,'11'),(3,2,501,'1'),(3,2,525,'16'),(3,2,548,'3'),(3,2,571,'4'),(3,2,584,'2'),(3,2,586,'13'),(3,2,595,'13'),(3,2,603,'7'),(3,2,606,'2'),(3,2,613,'7'),(3,2,620,'12'),(3,2,640,'13'),(3,2,644,'5'),(3,2,653,'3'),(3,2,655,'17'),(3,2,664,'8'),(3,2,678,'2'),(3,2,682,'2'),(3,2,685,'0'),(3,2,700,'19'),(3,2,702,'21'),(3,2,718,'18'),(3,2,732,'21'),(3,2,738,'3'),(3,2,751,'9'),(3,2,753,'14'),(3,2,755,'2'),(3,2,758,'10'),(3,2,760,'2'),(3,2,764,'2'),(3,2,775,'19'),(3,2,778,'21'),(3,2,813,'17'),(3,2,825,'15'),(3,2,858,'8'),(3,2,882,'19'),(3,2,889,'16'),(3,2,947,'1'),(3,2,955,'4'),(3,2,960,'10'),(3,2,965,'17'),(3,2,1005,'3'),(3,2,1020,'17'),(3,2,1048,'12'),(3,2,1052,'1'),(3,2,1099,'20'),(3,2,1156,'18'),(3,2,1189,'13'),(3,2,1198,'19'),(3,2,1212,'15'),(3,2,1213,'17'),(3,2,1222,'10'),(3,2,1224,'15'),(3,2,1227,'11'),(3,2,1248,'18'),(3,2,1252,'11'),(3,2,1271,'20'),(3,2,1277,'16'),(3,2,1285,'2'),(3,3,14,'7'),(3,3,20,'4'),(3,3,30,'5'),(3,3,32,'16'),(3,3,72,'21'),(3,3,90,'8'),(3,3,100,'1'),(3,3,124,'7'),(3,3,170,'13'),(3,3,195,'19'),(3,3,216,'13'),(3,3,232,'2'),(3,3,255,'0'),(3,3,260,'9'),(3,3,271,'15'),(3,3,273,'1'),(3,3,311,'0'),(3,3,323,'8'),(3,3,330,'13'),(3,3,333,'3'),(3,3,362,'7'),(3,3,391,'15'),(3,3,407,'17'),(3,3,471,'14'),(3,3,494,'9'),(3,3,504,'7'),(3,3,511,'7'),(3,3,558,'3'),(3,3,565,'4'),(3,3,571,'21'),(3,3,572,'18'),(3,3,578,'21'),(3,3,579,'13'),(3,3,581,'14'),(3,3,617,'16'),(3,3,628,'8'),(3,3,642,'6'),(3,3,683,'13'),(3,3,691,'4'),(3,3,724,'10'),(3,3,726,'3'),(3,3,737,'19'),(3,3,740,'20'),(3,3,748,'8'),(3,3,756,'0'),(3,3,850,'12'),(3,3,865,'18'),(3,3,866,'11'),(3,3,867,'16'),(3,3,868,'4'),(3,3,871,'21'),(3,3,901,'16'),(3,3,908,'1'),(3,3,929,'0'),(3,3,938,'18'),(3,3,946,'3'),(3,3,968,'0'),(3,3,1049,'19'),(3,3,1065,'0'),(3,3,1082,'12'),(3,3,1090,'14'),(3,3,1091,'1'),(3,3,1111,'10'),(3,3,1117,'21'),(3,3,1157,'12'),(3,3,1163,'9'),(3,3,1169,'7'),(3,3,1237,'0'),(3,3,1241,'9'),(3,3,1244,'0'),(3,3,1249,'15'),(3,3,1253,'8'),(3,3,1273,'12'),(3,3,1278,'17'),(3,3,1280,'4'),(3,3,1289,'20'),(3,4,2,'6'),(3,4,5,'9'),(3,4,13,'9'),(3,4,42,'2'),(3,4,56,'4'),(3,4,58,'1'),(3,4,66,'12'),(3,4,72,'19'),(3,4,85,'2'),(3,4,148,'21'),(3,4,154,'14'),(3,4,160,'18'),(3,4,164,'17'),(3,4,194,'10'),(3,4,220,'16'),(3,4,239,'16'),(3,4,286,'9'),(3,4,307,'17'),(3,4,312,'8'),(3,4,319,'1'),(3,4,321,'0'),(3,4,325,'17'),(3,4,331,'17'),(3,4,353,'18'),(3,4,356,'20'),(3,4,381,'12'),(3,4,395,'14'),(3,4,424,'18'),(3,4,452,'18'),(3,4,466,'14'),(3,4,473,'12'),(3,4,490,'12'),(3,4,496,'15'),(3,4,523,'12'),(3,4,546,'11'),(3,4,550,'12'),(3,4,560,'18'),(3,4,570,'15'),(3,4,574,'11'),(3,4,600,'0'),(3,4,604,'18'),(3,4,610,'17'),(3,4,636,'19'),(3,4,643,'21'),(3,4,658,'20'),(3,4,666,'0'),(3,4,673,'21'),(3,4,679,'10'),(3,4,686,'14'),(3,4,770,'5'),(3,4,796,'6'),(3,4,800,'4'),(3,4,814,'16'),(3,4,862,'21'),(3,4,863,'15'),(3,4,884,'2'),(3,4,904,'12'),(3,4,910,'1'),(3,4,922,'7'),(3,4,952,'0'),(3,4,960,'5'),(3,4,985,'7'),(3,4,991,'10'),(3,4,1009,'21'),(3,4,1051,'15'),(3,4,1057,'18'),(3,4,1093,'0'),(3,4,1100,'8'),(3,4,1115,'20'),(3,4,1148,'12'),(3,4,1154,'6'),(3,4,1182,'1'),(3,4,1207,'20'),(3,4,1224,'6'),(3,4,1236,'19'),(3,4,1245,'17'),(3,4,1264,'3'),(3,4,1266,'1'),(3,4,1272,'1'),(3,4,1294,'5'),(3,4,1298,'19'),(3,5,1,'16'),(3,5,11,'1'),(3,5,25,'12'),(3,5,27,'21'),(3,5,36,'13'),(3,5,65,'20'),(3,5,77,'2'),(3,5,92,'11'),(3,5,132,'5'),(3,5,138,'6'),(3,5,174,'11'),(3,5,192,'19'),(3,5,198,'8'),(3,5,210,'3'),(3,5,212,'3'),(3,5,214,'17'),(3,5,237,'1'),(3,5,264,'13'),(3,5,285,'1'),(3,5,291,'9'),(3,5,313,'2'),(3,5,332,'13'),(3,5,349,'1'),(3,5,353,'9'),(3,5,357,'9'),(3,5,370,'13'),(3,5,385,'21'),(3,5,386,'16'),(3,5,395,'7'),(3,5,406,'7'),(3,5,421,'4'),(3,5,426,'8'),(3,5,441,'8'),(3,5,450,'19'),(3,5,462,'20'),(3,5,468,'12'),(3,5,506,'14'),(3,5,517,'14'),(3,5,544,'3'),(3,5,566,'5'),(3,5,580,'21'),(3,5,592,'7'),(3,5,602,'4'),(3,5,607,'21'),(3,5,611,'11'),(3,5,613,'3'),(3,5,647,'7'),(3,5,648,'12'),(3,5,649,'7'),(3,5,695,'18'),(3,5,697,'11'),(3,5,699,'2'),(3,5,722,'19'),(3,5,733,'8'),(3,5,737,'6'),(3,5,740,'1'),(3,5,751,'2'),(3,5,773,'10'),(3,5,776,'13'),(3,5,788,'17'),(3,5,811,'10'),(3,5,826,'16'),(3,5,827,'10'),(3,5,828,'1'),(3,5,839,'20'),(3,5,845,'10'),(3,5,859,'12'),(3,5,879,'6'),(3,5,907,'19'),(3,5,972,'17'),(3,5,990,'1'),(3,5,1000,'10'),(3,5,1008,'9'),(3,5,1029,'15'),(3,5,1031,'8'),(3,5,1041,'13'),(3,5,1064,'0'),(3,5,1070,'20'),(3,5,1077,'19'),(3,5,1098,'13'),(3,5,1103,'11'),(3,5,1107,'19'),(3,5,1145,'21'),(3,5,1147,'7'),(3,5,1153,'1'),(3,5,1163,'12'),(3,5,1183,'18'),(3,5,1225,'8'),(3,5,1235,'13'),(3,5,1246,'16'),(3,5,1288,'8'),(3,6,7,'19'),(3,6,19,'19'),(3,6,26,'12'),(3,6,44,'15'),(3,6,49,'21'),(3,6,55,'12'),(3,6,79,'7'),(3,6,143,'2'),(3,6,150,'12'),(3,6,175,'16'),(3,6,184,'21'),(3,6,274,'3'),(3,6,293,'10'),(3,6,305,'3'),(3,6,327,'8'),(3,6,355,'18'),(3,6,357,'8'),(3,6,365,'14'),(3,6,397,'7'),(3,6,400,'1'),(3,6,409,'16'),(3,6,420,'1'),(3,6,436,'10'),(3,6,448,'10'),(3,6,450,'13'),(3,6,453,'8'),(3,6,477,'11'),(3,6,487,'20'),(3,6,492,'17'),(3,6,509,'16'),(3,6,523,'5'),(3,6,527,'12'),(3,6,544,'2'),(3,6,554,'15'),(3,6,556,'17'),(3,6,562,'18'),(3,6,568,'1'),(3,6,570,'15'),(3,6,573,'21'),(3,6,583,'4'),(3,6,605,'3'),(3,6,619,'1'),(3,6,631,'7'),(3,6,641,'18'),(3,6,652,'10'),(3,6,656,'16'),(3,6,716,'2'),(3,6,720,'10'),(3,6,748,'17'),(3,6,785,'9'),(3,6,823,'14'),(3,6,829,'9'),(3,6,835,'16'),(3,6,846,'10'),(3,6,849,'9'),(3,6,895,'4'),(3,6,911,'3'),(3,6,920,'3'),(3,6,930,'0'),(3,6,963,'6'),(3,6,972,'17'),(3,6,993,'21'),(3,6,1006,'3'),(3,6,1009,'15'),(3,6,1012,'4'),(3,6,1039,'19'),(3,6,1047,'7'),(3,6,1052,'21'),(3,6,1097,'0'),(3,6,1108,'12'),(3,6,1123,'11'),(3,6,1125,'16'),(3,6,1127,'7'),(3,6,1130,'4'),(3,6,1145,'19'),(3,6,1157,'12'),(3,6,1168,'6'),(3,6,1172,'4'),(3,6,1175,'6'),(3,6,1182,'12'),(3,6,1188,'15'),(3,6,1196,'7'),(3,6,1221,'5'),(3,6,1225,'7'),(3,6,1267,'7'),(3,6,1284,'15'),(3,6,1286,'19'),(3,6,1293,'2'),(4,1,14,'5'),(4,1,30,'10'),(4,1,53,'18'),(4,1,103,'13'),(4,1,116,'7'),(4,1,155,'8'),(4,1,162,'13'),(4,1,188,'8'),(4,1,204,'14'),(4,1,273,'21'),(4,1,279,'3'),(4,1,288,'10'),(4,1,322,'15'),(4,1,348,'15'),(4,1,356,'4'),(4,1,416,'4'),(4,1,438,'7'),(4,1,458,'6'),(4,1,464,'0'),(4,1,465,'19'),(4,1,471,'17'),(4,1,484,'8'),(4,1,489,'15'),(4,1,492,'3'),(4,1,520,'10'),(4,1,521,'7'),(4,1,524,'13'),(4,1,525,'20'),(4,1,530,'8'),(4,1,532,'4'),(4,1,534,'7'),(4,1,599,'11'),(4,1,627,'8'),(4,1,629,'12'),(4,1,660,'18'),(4,1,686,'18'),(4,1,705,'6'),(4,1,708,'18'),(4,1,730,'17'),(4,1,744,'6'),(4,1,752,'2'),(4,1,758,'1'),(4,1,769,'13'),(4,1,774,'4'),(4,1,780,'4'),(4,1,785,'5'),(4,1,804,'0'),(4,1,819,'21'),(4,1,827,'5'),(4,1,842,'10'),(4,1,876,'2'),(4,1,883,'9'),(4,1,887,'19'),(4,1,898,'14'),(4,1,909,'20'),(4,1,912,'8'),(4,1,922,'2'),(4,1,924,'12'),(4,1,945,'5'),(4,1,974,'10'),(4,1,984,'4'),(4,1,1003,'12'),(4,1,1007,'16'),(4,1,1012,'2'),(4,1,1026,'21'),(4,1,1036,'16'),(4,1,1042,'9'),(4,1,1069,'10'),(4,1,1079,'19'),(4,1,1086,'13'),(4,1,1094,'9'),(4,1,1106,'5'),(4,1,1109,'15'),(4,1,1118,'11'),(4,1,1128,'4'),(4,1,1137,'10'),(4,1,1151,'19'),(4,1,1162,'21'),(4,1,1169,'6'),(4,1,1176,'15'),(4,1,1200,'12'),(4,1,1252,'0'),(4,1,1268,'4'),(4,1,1275,'3'),(4,1,1283,'3'),(4,1,1299,'11'),(4,1,1300,'15'),(4,2,4,'3'),(4,2,25,'4'),(4,2,33,'6'),(4,2,43,'12'),(4,2,54,'9'),(4,2,64,'21'),(4,2,75,'10'),(4,2,88,'13'),(4,2,137,'19'),(4,2,150,'7'),(4,2,194,'0'),(4,2,207,'2'),(4,2,231,'19'),(4,2,236,'13'),(4,2,253,'12'),(4,2,261,'6'),(4,2,268,'14'),(4,2,314,'19'),(4,2,336,'5'),(4,2,337,'10'),(4,2,358,'10'),(4,2,363,'7'),(4,2,368,'8'),(4,2,369,'17'),(4,2,376,'2'),(4,2,398,'19'),(4,2,453,'16'),(4,2,476,'8'),(4,2,482,'17'),(4,2,484,'0'),(4,2,493,'20'),(4,2,505,'14'),(4,2,507,'4'),(4,2,509,'0'),(4,2,510,'10'),(4,2,528,'3'),(4,2,609,'11'),(4,2,610,'20'),(4,2,668,'8'),(4,2,670,'4'),(4,2,674,'6'),(4,2,676,'21'),(4,2,690,'0'),(4,2,707,'17'),(4,2,708,'8'),(4,2,719,'7'),(4,2,723,'3'),(4,2,725,'20'),(4,2,750,'3'),(4,2,766,'16'),(4,2,793,'16'),(4,2,812,'11'),(4,2,822,'14'),(4,2,824,'13'),(4,2,839,'16'),(4,2,843,'7'),(4,2,864,'9'),(4,2,874,'17'),(4,2,875,'12'),(4,2,935,'16'),(4,2,937,'18'),(4,2,951,'3'),(4,2,971,'14'),(4,2,979,'0'),(4,2,989,'12'),(4,2,1015,'15'),(4,2,1025,'8'),(4,2,1062,'21'),(4,2,1074,'21'),(4,2,1087,'12'),(4,2,1104,'12'),(4,2,1117,'18'),(4,2,1121,'16'),(4,2,1135,'14'),(4,2,1148,'19'),(4,2,1171,'17'),(4,2,1179,'10'),(4,2,1188,'19'),(4,2,1213,'2'),(4,2,1220,'8'),(4,2,1234,'16'),(4,2,1238,'19'),(4,2,1241,'16'),(4,2,1260,'20'),(4,3,9,'8'),(4,3,28,'14'),(4,3,34,'5'),(4,3,40,'15'),(4,3,45,'15'),(4,3,52,'11'),(4,3,57,'17'),(4,3,76,'3'),(4,3,126,'1'),(4,3,134,'8'),(4,3,165,'1'),(4,3,186,'0'),(4,3,187,'20'),(4,3,196,'8'),(4,3,199,'11'),(4,3,200,'6'),(4,3,203,'5'),(4,3,209,'9'),(4,3,211,'16'),(4,3,228,'10'),(4,3,239,'18'),(4,3,251,'11'),(4,3,259,'21'),(4,3,267,'6'),(4,3,271,'9'),(4,3,282,'12'),(4,3,290,'3'),(4,3,295,'9'),(4,3,300,'15'),(4,3,304,'18'),(4,3,326,'5'),(4,3,393,'20'),(4,3,440,'21'),(4,3,452,'14'),(4,3,454,'5'),(4,3,470,'1'),(4,3,474,'13'),(4,3,499,'8'),(4,3,527,'9'),(4,3,531,'6'),(4,3,541,'3'),(4,3,563,'21'),(4,3,565,'0'),(4,3,582,'19'),(4,3,620,'2'),(4,3,626,'17'),(4,3,628,'14'),(4,3,645,'20'),(4,3,651,'13'),(4,3,657,'9'),(4,3,672,'15'),(4,3,704,'11'),(4,3,725,'19'),(4,3,727,'20'),(4,3,733,'19'),(4,3,744,'3'),(4,3,759,'11'),(4,3,760,'11'),(4,3,781,'20'),(4,3,789,'17'),(4,3,792,'18'),(4,3,793,'11'),(4,3,799,'19'),(4,3,819,'8'),(4,3,850,'12'),(4,3,853,'4'),(4,3,927,'14'),(4,3,935,'16'),(4,3,950,'21'),(4,3,966,'2'),(4,3,1002,'20'),(4,3,1011,'6'),(4,3,1073,'7'),(4,3,1075,'12'),(4,3,1081,'2'),(4,3,1089,'10'),(4,3,1098,'11'),(4,3,1138,'15'),(4,3,1152,'16'),(4,3,1158,'6'),(4,3,1219,'1'),(4,3,1223,'14'),(4,3,1250,'3'),(4,3,1254,'20'),(4,3,1255,'5'),(4,3,1262,'13'),(4,3,1263,'15'),(4,4,23,'14'),(4,4,29,'4'),(4,4,43,'12'),(4,4,62,'16'),(4,4,78,'18'),(4,4,106,'15'),(4,4,128,'13'),(4,4,136,'14'),(4,4,140,'20'),(4,4,178,'7'),(4,4,183,'2'),(4,4,197,'14'),(4,4,222,'5'),(4,4,231,'18'),(4,4,242,'2'),(4,4,243,'4'),(4,4,253,'2'),(4,4,284,'9'),(4,4,291,'2'),(4,4,299,'0'),(4,4,302,'9'),(4,4,308,'16'),(4,4,310,'20'),(4,4,320,'4'),(4,4,342,'13'),(4,4,364,'18'),(4,4,383,'1'),(4,4,389,'7'),(4,4,413,'17'),(4,4,427,'21'),(4,4,457,'19'),(4,4,481,'20'),(4,4,491,'20'),(4,4,513,'19'),(4,4,533,'18'),(4,4,559,'14'),(4,4,577,'2'),(4,4,600,'21'),(4,4,601,'17'),(4,4,605,'9'),(4,4,616,'6'),(4,4,627,'0'),(4,4,633,'15'),(4,4,669,'16'),(4,4,692,'1'),(4,4,706,'13'),(4,4,728,'18'),(4,4,731,'19'),(4,4,767,'1'),(4,4,773,'12'),(4,4,783,'9'),(4,4,784,'2'),(4,4,787,'7'),(4,4,806,'10'),(4,4,808,'21'),(4,4,814,'8'),(4,4,825,'13'),(4,4,829,'13'),(4,4,832,'0'),(4,4,841,'16'),(4,4,848,'20'),(4,4,858,'2'),(4,4,884,'19'),(4,4,891,'12'),(4,4,924,'0'),(4,4,932,'14'),(4,4,977,'14'),(4,4,996,'10'),(4,4,1025,'10'),(4,4,1032,'14'),(4,4,1034,'17'),(4,4,1045,'16'),(4,4,1046,'12'),(4,4,1050,'2'),(4,4,1067,'4'),(4,4,1124,'14'),(4,4,1134,'12'),(4,4,1152,'17'),(4,4,1185,'1'),(4,4,1197,'15'),(4,4,1228,'2'),(4,4,1264,'13'),(4,4,1278,'11'),(4,4,1292,'20'),(4,4,1293,'8'),(4,5,36,'15'),(4,5,48,'19'),(4,5,63,'16'),(4,5,94,'20'),(4,5,98,'19'),(4,5,117,'6'),(4,5,134,'13'),(4,5,149,'18'),(4,5,172,'11'),(4,5,201,'14'),(4,5,202,'8'),(4,5,211,'21'),(4,5,213,'9'),(4,5,221,'1'),(4,5,233,'16'),(4,5,263,'19'),(4,5,267,'14'),(4,5,281,'17'),(4,5,282,'8'),(4,5,287,'8'),(4,5,292,'6'),(4,5,293,'2'),(4,5,341,'16'),(4,5,351,'11'),(4,5,419,'17'),(4,5,420,'16'),(4,5,473,'12'),(4,5,512,'10'),(4,5,549,'20'),(4,5,553,'9'),(4,5,579,'21'),(4,5,590,'2'),(4,5,618,'5'),(4,5,651,'1'),(4,5,659,'12'),(4,5,671,'11'),(4,5,684,'6'),(4,5,692,'5'),(4,5,738,'5'),(4,5,754,'5'),(4,5,756,'1'),(4,5,794,'2'),(4,5,836,'1'),(4,5,847,'2'),(4,5,878,'14'),(4,5,881,'17'),(4,5,890,'16'),(4,5,897,'2'),(4,5,932,'21'),(4,5,958,'21'),(4,5,967,'16'),(4,5,975,'2'),(4,5,980,'14'),(4,5,981,'0'),(4,5,1022,'16'),(4,5,1024,'0'),(4,5,1058,'2'),(4,5,1066,'9'),(4,5,1078,'14'),(4,5,1096,'16'),(4,5,1113,'17'),(4,5,1154,'15'),(4,5,1160,'1'),(4,5,1166,'5'),(4,5,1192,'6'),(4,5,1206,'20'),(4,5,1208,'2'),(4,5,1210,'12'),(4,5,1222,'7'),(4,5,1226,'7'),(4,5,1237,'16'),(4,5,1256,'6'),(4,5,1265,'18'),(4,5,1282,'14'),(4,6,12,'4'),(4,6,32,'11'),(4,6,40,'20'),(4,6,51,'19'),(4,6,71,'4'),(4,6,85,'20'),(4,6,107,'11'),(4,6,114,'11'),(4,6,115,'12'),(4,6,118,'15'),(4,6,122,'8'),(4,6,127,'1'),(4,6,158,'16'),(4,6,161,'15'),(4,6,171,'18'),(4,6,173,'19'),(4,6,200,'14'),(4,6,204,'21'),(4,6,241,'17'),(4,6,255,'1'),(4,6,258,'18'),(4,6,260,'4'),(4,6,262,'6'),(4,6,269,'9'),(4,6,276,'10'),(4,6,298,'5'),(4,6,322,'15'),(4,6,374,'0'),(4,6,376,'14'),(4,6,379,'9'),(4,6,388,'14'),(4,6,390,'19'),(4,6,393,'15'),(4,6,399,'8'),(4,6,414,'3'),(4,6,429,'0'),(4,6,451,'2'),(4,6,467,'9'),(4,6,470,'7'),(4,6,490,'4'),(4,6,491,'18'),(4,6,496,'18'),(4,6,532,'11'),(4,6,542,'8'),(4,6,547,'9'),(4,6,585,'6'),(4,6,607,'20'),(4,6,644,'3'),(4,6,653,'16'),(4,6,667,'11'),(4,6,668,'11'),(4,6,671,'3'),(4,6,678,'4'),(4,6,710,'8'),(4,6,745,'9'),(4,6,830,'0'),(4,6,854,'6'),(4,6,880,'19'),(4,6,886,'6'),(4,6,896,'11'),(4,6,899,'18'),(4,6,951,'4'),(4,6,956,'8'),(4,6,991,'7'),(4,6,998,'21'),(4,6,1064,'0'),(4,6,1072,'10'),(4,6,1073,'2'),(4,6,1081,'6'),(4,6,1084,'12'),(4,6,1086,'11'),(4,6,1091,'1'),(4,6,1095,'4'),(4,6,1123,'10'),(4,6,1125,'20'),(4,6,1131,'18'),(4,6,1139,'17'),(4,6,1170,'10'),(4,6,1194,'19'),(4,6,1238,'17'),(4,6,1269,'0'),(4,6,1286,'21'),(5,1,51,'10'),(5,1,53,'18'),(5,1,61,'16'),(5,1,63,'14'),(5,1,67,'16'),(5,1,69,'7'),(5,1,96,'6'),(5,1,112,'18'),(5,1,123,'15'),(5,1,130,'19'),(5,1,147,'17'),(5,1,159,'3'),(5,1,169,'11'),(5,1,191,'3'),(5,1,206,'8'),(5,1,223,'5'),(5,1,228,'12'),(5,1,285,'8'),(5,1,296,'8'),(5,1,297,'21'),(5,1,338,'13'),(5,1,344,'2'),(5,1,352,'14'),(5,1,359,'21'),(5,1,411,'5'),(5,1,412,'18'),(5,1,437,'4'),(5,1,446,'17'),(5,1,451,'4'),(5,1,513,'13'),(5,1,529,'1'),(5,1,533,'20'),(5,1,537,'19'),(5,1,552,'6'),(5,1,573,'1'),(5,1,591,'17'),(5,1,603,'7'),(5,1,641,'13'),(5,1,667,'14'),(5,1,706,'20'),(5,1,709,'15'),(5,1,711,'0'),(5,1,715,'0'),(5,1,716,'10'),(5,1,719,'5'),(5,1,729,'21'),(5,1,735,'7'),(5,1,746,'4'),(5,1,757,'5'),(5,1,788,'8'),(5,1,806,'9'),(5,1,809,'15'),(5,1,810,'2'),(5,1,817,'11'),(5,1,870,'15'),(5,1,872,'13'),(5,1,893,'0'),(5,1,908,'5'),(5,1,909,'7'),(5,1,948,'21'),(5,1,955,'12'),(5,1,988,'8'),(5,1,997,'18'),(5,1,1003,'18'),(5,1,1016,'20'),(5,1,1022,'16'),(5,1,1023,'21'),(5,1,1027,'4'),(5,1,1035,'8'),(5,1,1049,'20'),(5,1,1050,'13'),(5,1,1053,'5'),(5,1,1063,'0'),(5,1,1067,'14'),(5,1,1083,'18'),(5,1,1114,'10'),(5,1,1130,'5'),(5,1,1140,'7'),(5,1,1142,'15'),(5,1,1143,'21'),(5,1,1156,'10'),(5,1,1165,'5'),(5,1,1175,'19'),(5,1,1190,'20'),(5,1,1239,'6'),(5,1,1251,'2'),(5,1,1259,'9'),(5,2,19,'0'),(5,2,33,'19'),(5,2,35,'15'),(5,2,60,'4'),(5,2,80,'21'),(5,2,101,'5'),(5,2,107,'1'),(5,2,110,'8'),(5,2,118,'12'),(5,2,133,'14'),(5,2,137,'0'),(5,2,147,'15'),(5,2,176,'15'),(5,2,178,'12'),(5,2,180,'8'),(5,2,186,'5'),(5,2,208,'7'),(5,2,223,'9'),(5,2,233,'3'),(5,2,275,'4'),(5,2,278,'21'),(5,2,302,'9'),(5,2,327,'8'),(5,2,328,'10'),(5,2,350,'16'),(5,2,381,'16'),(5,2,406,'18'),(5,2,427,'10'),(5,2,433,'6'),(5,2,460,'7'),(5,2,468,'14'),(5,2,479,'1'),(5,2,488,'15'),(5,2,502,'15'),(5,2,503,'17'),(5,2,520,'1'),(5,2,556,'10'),(5,2,564,'11'),(5,2,592,'15'),(5,2,630,'6'),(5,2,635,'13'),(5,2,642,'10'),(5,2,645,'16'),(5,2,654,'19'),(5,2,665,'18'),(5,2,681,'17'),(5,2,685,'12'),(5,2,700,'6'),(5,2,717,'13'),(5,2,736,'20'),(5,2,766,'18'),(5,2,779,'0'),(5,2,813,'1'),(5,2,820,'18'),(5,2,835,'0'),(5,2,855,'16'),(5,2,892,'13'),(5,2,900,'5'),(5,2,903,'18'),(5,2,906,'8'),(5,2,936,'9'),(5,2,939,'18'),(5,2,940,'9'),(5,2,941,'7'),(5,2,962,'6'),(5,2,969,'21'),(5,2,989,'18'),(5,2,1069,'3'),(5,2,1114,'15'),(5,2,1144,'11'),(5,2,1167,'7'),(5,2,1185,'12'),(5,2,1229,'13'),(5,2,1232,'8'),(5,2,1240,'17'),(5,2,1266,'10'),(5,2,1274,'9'),(5,2,1276,'10'),(5,2,1297,'13'),(5,2,1299,'2'),(5,3,3,'10'),(5,3,54,'6'),(5,3,86,'5'),(5,3,98,'10'),(5,3,132,'8'),(5,3,136,'9'),(5,3,209,'20'),(5,3,225,'5'),(5,3,234,'19'),(5,3,241,'1'),(5,3,254,'4'),(5,3,279,'20'),(5,3,306,'2'),(5,3,331,'8'),(5,3,336,'2'),(5,3,340,'5'),(5,3,349,'12'),(5,3,386,'3'),(5,3,387,'2'),(5,3,391,'7'),(5,3,442,'3'),(5,3,445,'12'),(5,3,449,'0'),(5,3,455,'8'),(5,3,461,'20'),(5,3,469,'17'),(5,3,478,'8'),(5,3,503,'18'),(5,3,505,'1'),(5,3,519,'3'),(5,3,528,'12'),(5,3,540,'4'),(5,3,580,'12'),(5,3,588,'2'),(5,3,589,'3'),(5,3,611,'8'),(5,3,634,'7'),(5,3,640,'13'),(5,3,655,'1'),(5,3,666,'19'),(5,3,672,'8'),(5,3,731,'9'),(5,3,764,'15'),(5,3,769,'10'),(5,3,779,'9'),(5,3,782,'14'),(5,3,790,'2'),(5,3,791,'15'),(5,3,830,'18'),(5,3,869,'5'),(5,3,885,'17'),(5,3,897,'16'),(5,3,902,'20'),(5,3,905,'8'),(5,3,915,'14'),(5,3,918,'12'),(5,3,920,'7'),(5,3,926,'17'),(5,3,942,'5'),(5,3,949,'7'),(5,3,956,'9'),(5,3,959,'5'),(5,3,973,'2'),(5,3,1013,'21'),(5,3,1024,'10'),(5,3,1026,'2'),(5,3,1032,'3'),(5,3,1044,'9'),(5,3,1062,'10'),(5,3,1075,'11'),(5,3,1083,'4'),(5,3,1088,'13'),(5,3,1096,'13'),(5,3,1110,'2'),(5,3,1146,'19'),(5,3,1168,'9'),(5,3,1202,'20'),(5,3,1203,'11'),(5,3,1231,'8'),(5,3,1263,'19'),(5,3,1279,'14'),(5,3,1288,'20'),(5,4,5,'21'),(5,4,15,'20'),(5,4,31,'2'),(5,4,52,'10'),(5,4,56,'7'),(5,4,59,'12'),(5,4,68,'5'),(5,4,75,'13'),(5,4,156,'2'),(5,4,173,'14'),(5,4,219,'8'),(5,4,227,'13'),(5,4,266,'10'),(5,4,289,'5'),(5,4,303,'0'),(5,4,310,'4'),(5,4,329,'11'),(5,4,333,'13'),(5,4,334,'3'),(5,4,335,'3'),(5,4,361,'18'),(5,4,371,'13'),(5,4,384,'19'),(5,4,402,'15'),(5,4,405,'12'),(5,4,428,'20'),(5,4,429,'21'),(5,4,430,'3'),(5,4,436,'0'),(5,4,459,'12'),(5,4,489,'4'),(5,4,494,'20'),(5,4,535,'3'),(5,4,538,'21'),(5,4,543,'15'),(5,4,554,'9'),(5,4,555,'7'),(5,4,558,'18'),(5,4,562,'20'),(5,4,575,'11'),(5,4,588,'4'),(5,4,590,'11'),(5,4,594,'13'),(5,4,598,'0'),(5,4,618,'6'),(5,4,624,'13'),(5,4,647,'12'),(5,4,654,'16'),(5,4,680,'21'),(5,4,691,'20'),(5,4,720,'10'),(5,4,739,'0'),(5,4,741,'7'),(5,4,747,'0'),(5,4,753,'19'),(5,4,761,'2'),(5,4,797,'5'),(5,4,834,'3'),(5,4,852,'8'),(5,4,857,'15'),(5,4,913,'4'),(5,4,916,'20'),(5,4,931,'14'),(5,4,936,'11'),(5,4,944,'19'),(5,4,957,'20'),(5,4,968,'19'),(5,4,982,'14'),(5,4,983,'14'),(5,4,1048,'18'),(5,4,1057,'3'),(5,4,1076,'15'),(5,4,1095,'3'),(5,4,1120,'20'),(5,4,1129,'18'),(5,4,1158,'15'),(5,4,1173,'12'),(5,4,1183,'14'),(5,4,1187,'9'),(5,4,1192,'12'),(5,4,1215,'12'),(5,4,1229,'16'),(5,4,1258,'17'),(5,4,1271,'14'),(5,4,1283,'15'),(5,5,2,'13'),(5,5,35,'18'),(5,5,82,'13'),(5,5,108,'16'),(5,5,117,'13'),(5,5,129,'8'),(5,5,156,'16'),(5,5,185,'1'),(5,5,190,'5'),(5,5,202,'18'),(5,5,213,'19'),(5,5,218,'3'),(5,5,236,'5'),(5,5,244,'4'),(5,5,247,'9'),(5,5,251,'17'),(5,5,252,'4'),(5,5,262,'18'),(5,5,265,'1'),(5,5,269,'6'),(5,5,281,'6'),(5,5,286,'9'),(5,5,295,'17'),(5,5,297,'17'),(5,5,299,'8'),(5,5,329,'20'),(5,5,344,'3'),(5,5,350,'20'),(5,5,362,'6'),(5,5,380,'17'),(5,5,382,'10'),(5,5,404,'10'),(5,5,422,'6'),(5,5,434,'0'),(5,5,435,'8'),(5,5,454,'7'),(5,5,476,'5'),(5,5,479,'15'),(5,5,480,'6'),(5,5,499,'2'),(5,5,538,'2'),(5,5,545,'18'),(5,5,549,'13'),(5,5,583,'18'),(5,5,609,'14'),(5,5,623,'16'),(5,5,625,'2'),(5,5,629,'20'),(5,5,637,'2'),(5,5,688,'8'),(5,5,693,'2'),(5,5,715,'12'),(5,5,717,'14'),(5,5,718,'1'),(5,5,727,'13'),(5,5,734,'17'),(5,5,745,'16'),(5,5,749,'0'),(5,5,755,'3'),(5,5,767,'18'),(5,5,772,'18'),(5,5,776,'20'),(5,5,796,'13'),(5,5,798,'8'),(5,5,807,'9'),(5,5,816,'12'),(5,5,832,'19'),(5,5,846,'3'),(5,5,851,'0'),(5,5,861,'6'),(5,5,864,'9'),(5,5,903,'19'),(5,5,947,'10'),(5,5,949,'18'),(5,5,953,'14'),(5,5,964,'7'),(5,5,974,'14'),(5,5,976,'6'),(5,5,980,'3'),(5,5,992,'8'),(5,5,995,'12'),(5,5,1016,'13'),(5,5,1017,'21'),(5,5,1019,'12'),(5,5,1035,'10'),(5,5,1046,'3'),(5,5,1055,'7'),(5,5,1060,'8'),(5,5,1065,'10'),(5,5,1092,'2'),(5,5,1143,'10'),(5,5,1159,'7'),(5,5,1165,'12'),(5,5,1180,'17'),(5,5,1205,'21'),(5,5,1227,'13'),(5,5,1230,'3'),(5,5,1255,'9'),(5,5,1281,'19'),(5,5,1282,'1'),(5,5,1294,'5'),(5,6,6,'7'),(5,6,13,'21'),(5,6,18,'8'),(5,6,21,'14'),(5,6,37,'3'),(5,6,38,'9'),(5,6,50,'1'),(5,6,58,'18'),(5,6,60,'4'),(5,6,71,'16'),(5,6,90,'20'),(5,6,93,'0'),(5,6,102,'19'),(5,6,113,'19'),(5,6,121,'20'),(5,6,124,'19'),(5,6,127,'14'),(5,6,138,'0'),(5,6,141,'15'),(5,6,168,'3'),(5,6,172,'8'),(5,6,196,'21'),(5,6,205,'14'),(5,6,294,'0'),(5,6,309,'20'),(5,6,311,'20'),(5,6,345,'11'),(5,6,366,'8'),(5,6,370,'4'),(5,6,383,'8'),(5,6,410,'6'),(5,6,428,'6'),(5,6,456,'19'),(5,6,461,'7'),(5,6,552,'10'),(5,6,606,'8'),(5,6,608,'14'),(5,6,614,'5'),(5,6,622,'12'),(5,6,663,'0'),(5,6,669,'19'),(5,6,677,'11'),(5,6,690,'8'),(5,6,697,'5'),(5,6,709,'4'),(5,6,713,'12'),(5,6,772,'14'),(5,6,795,'1'),(5,6,857,'15'),(5,6,886,'21'),(5,6,891,'4'),(5,6,905,'1'),(5,6,954,'5'),(5,6,982,'12'),(5,6,986,'11'),(5,6,1037,'15'),(5,6,1038,'2'),(5,6,1071,'21'),(5,6,1074,'4'),(5,6,1097,'0'),(5,6,1112,'19'),(5,6,1122,'19'),(5,6,1136,'3'),(5,6,1159,'16'),(5,6,1174,'13'),(5,6,1177,'8'),(5,6,1178,'10'),(5,6,1199,'9'),(5,6,1205,'3'),(5,6,1208,'9'),(5,6,1212,'6'),(5,6,1214,'2'),(5,6,1231,'16'),(5,6,1244,'17'),(5,6,1251,'20'),(5,6,1256,'19'),(5,6,1257,'5'),(5,6,1275,'8'),(5,6,1287,'7'),(5,6,1291,'20'),(5,6,1292,'7'),(5,6,1298,'3');
/*!40000 ALTER TABLE `Participe` ENABLE KEYS */;
UNLOCK TABLES;

--
-- Table structure for table `Reunie`
--

DROP TABLE IF EXISTS `Reunie`;
/*!40101 SET @saved_cs_client     = @@character_set_client */;
/*!40101 SET character_set_client = utf8 */;
CREATE TABLE `Reunie` (
  `numMan` int(11) NOT NULL,
  `noIut` int(11) NOT NULL,
  PRIMARY KEY (`noIut`,`numMan`),
  KEY `fkManifestation1` (`numMan`),
  CONSTRAINT `fkIut1` FOREIGN KEY (`noIut`) REFERENCES `Iut` (`noIut`),
  CONSTRAINT `fkManifestation1` FOREIGN KEY (`numMan`) REFERENCES `Manifestation` (`numMan`)
) ENGINE=InnoDB DEFAULT CHARSET=latin1;
/*!40101 SET character_set_client = @saved_cs_client */;

--
-- Dumping data for table `Reunie`
--

LOCK TABLES `Reunie` WRITE;
/*!40000 ALTER TABLE `Reunie` DISABLE KEYS */;
/*!40000 ALTER TABLE `Reunie` ENABLE KEYS */;
UNLOCK TABLES;
/*!40103 SET TIME_ZONE=@OLD_TIME_ZONE */;

/*!40101 SET SQL_MODE=@OLD_SQL_MODE */;
/*!40014 SET FOREIGN_KEY_CHECKS=@OLD_FOREIGN_KEY_CHECKS */;
/*!40014 SET UNIQUE_CHECKS=@OLD_UNIQUE_CHECKS */;
/*!40101 SET CHARACTER_SET_CLIENT=@OLD_CHARACTER_SET_CLIENT */;
/*!40101 SET CHARACTER_SET_RESULTS=@OLD_CHARACTER_SET_RESULTS */;
/*!40101 SET COLLATION_CONNECTION=@OLD_COLLATION_CONNECTION */;
/*!40111 SET SQL_NOTES=@OLD_SQL_NOTES */;

-- Dump completed on 2014-02-10  9:45:13
